factionid;1;2;3;4;5;6;7;8;9;10;11;12;13;14;15;16;17;18;19;20;21;22;23;24;25;26;27
1;-1.#QNAN0;0;0;0;0;0;0;0;0;0;0.000000;0;0;0;0;;;0;1.000.000;1.000.000;5;5;SPIELER, Mensch;;0;0;
2;-1.#QNAN0;0;0;0;0;0;0;0;0;0;0.000000;0;0;0;0;;;0;1.000.000;1.000.000;5;5;SPIELER, Orc;;0;0;
3;-1.#QNAN0;0;0;0;0;0;0;0;0;0;0.000000;0;0;0;0;;;0;1.000.000;1.000.000;5;5;SPIELER, Zwerg;;0;0;
4;-1.#QNAN0;0;0;0;0;0;0;0;0;0;0.000000;0;0;0;0;;;0;1.000.000;1.000.000;5;5;SPIELER, Nachtelf;;0;0;
5;-1.#QNAN0;0;0;0;0;0;0;0;0;0;0.000000;0;0;0;0;;;0;1.000.000;1.000.000;5;5;SPIELER, Untoter;;0;0;
6;-1.#QNAN0;0;0;0;0;0;0;0;0;0;0.000000;0;0;0;0;;;0;1.000.000;1.000.000;5;5;SPIELER, Tauren;;0;0;
7;-1.#QNAN0;0;0;0;0;0;0;0;0;0;0.000000;0;0;0;0;;;0;1.000.000;1.000.000;5;5;Kreatur;;0;0;
8;-1.#QNAN0;0;0;0;0;0;0;0;0;0;0.000000;0;0;0;0;;;0;1.000.000;1.000.000;5;5;SPIELER, Gnom;;0;0;
9;-1.#QNAN0;0;0;0;0;0;0;0;0;0;0.000000;0;0;0;0;;;0;1.000.000;1.000.000;5;5;SPIELER, Troll;;0;0;
14;-1.#QNAN0;0;0;0;0;0;0;0;0;0;0.000000;0;0;0;0;;;0;1.000.000;1.000.000;5;5;Monster;;0;0;
15;-1.#QNAN0;0;0;0;0;0;0;0;0;0;0.000000;0;0;0;0;;;0;1.000.000;1.000.000;5;5;Bruderschaft der Defias;;0;0;
16;-1.#QNAN0;0;0;0;0;0;0;0;0;0;0.000000;0;0;0;0;;;0;1.000.000;1.000.000;5;5;Gnoll - Flusspfoten;;0;0;
17;-1.#QNAN0;0;0;0;0;0;0;0;0;0;0.000000;0;0;0;0;;;0;1.000.000;1.000.000;5;5;Gnoll - Rotkammgebirge;;0;0;
18;-1.#QNAN0;0;0;0;0;0;0;0;0;0;0.000000;0;0;0;0;;;0;1.000.000;1.000.000;5;5;Gnoll - Schattenfelle;;0;0;
19;-1.#QNAN0;0;0;0;0;0;0;0;0;0;0.000000;0;0;0;0;;;0;1.000.000;1.000.000;5;5;Murloc;;0;0;
20;-1.#QNAN0;0;0;0;0;0;0;0;0;0;0.000000;0;0;0;0;;;0;1.000.000;1.000.000;5;5;Untoter, Geißel;;0;0;
21;0.000000;60819455;0;0;0;0;0;0;0;500;0.000000;0;0;64;0;;;169;1.000.000;0.500000;7;5;Beutebucht;In dieser blühenden Küstenstadt hat Baron Revilgaz von den Schwarzmeerräubern das Sagen. Teil des Dampfdruckkartells und Todfeinde der Blutsegelbukaniere.;0;0;
22;-1.#QNAN0;0;0;0;0;0;0;0;0;0;0.000000;0;0;0;0;;;0;1.000.000;1.000.000;5;5;Wildtier - Spinne;;0;0;
23;-1.#QNAN0;0;0;0;0;0;0;0;0;0;0.000000;0;0;0;0;;;0;1.000.000;1.000.000;5;5;Wildtier - Eber;;0;0;
24;-1.#QNAN0;0;0;0;0;0;0;0;0;0;0.000000;0;0;0;0;;;0;1.000.000;1.000.000;5;5;Worgen;;0;0;
25;-1.#QNAN0;0;0;0;0;0;0;0;0;0;0.000000;0;0;0;0;;;0;1.000.000;1.000.000;5;5;Kobold;;0;0;
26;-1.#QNAN0;0;0;0;0;0;0;0;0;0;0.000000;0;0;0;0;;;0;1.000.000;1.000.000;5;5;Troll, Blutskalpe;;0;0;
27;-1.#QNAN0;0;0;0;0;0;0;0;0;0;0.000000;0;0;0;0;;;0;1.000.000;1.000.000;5;5;Troll, Schädelspalter;;0;0;
28;-1.#QNAN0;0;0;0;0;0;0;0;0;0;0.000000;0;0;0;0;;;0;1.000.000;1.000.000;5;5;Beute;;0;0;
29;-1.#QNAN0;0;0;0;0;0;0;0;0;0;0.000000;0;0;0;0;;;0;1.000.000;1.000.000;5;5;Wildtier - Wolf;;0;0;
30;-1.#QNAN0;0;0;0;0;0;0;0;0;0;0.000000;0;0;0;0;;;0;1.000.000;1.000.000;5;5;Verräter der Bruderschaft der Defias;;0;0;
31;-1.#QNAN0;0;0;0;0;0;0;0;0;0;0.000000;0;0;0;0;;;0;1.000.000;1.000.000;5;5;Befreundet;;0;0;
32;-1.#QNAN0;0;0;0;0;0;0;0;0;0;0.000000;0;0;0;0;;;0;1.000.000;1.000.000;5;5;Trogg;;0;0;
33;-1.#QNAN0;0;0;0;0;0;0;0;0;0;0.000000;0;0;0;0;;;0;1.000.000;1.000.000;5;5;Troll, Frostmähnen;;0;0;
34;-1.#QNAN0;0;0;0;0;0;0;0;0;0;0.000000;0;0;0;0;;;0;1.000.000;1.000.000;5;5;Orc, Schwarzfels;;0;0;
35;-1.#QNAN0;0;0;0;0;0;0;0;0;0;0.000000;0;0;0;0;;;0;1.000.000;1.000.000;5;5;Bösewicht;;0;0;
36;-1.#QNAN0;0;0;0;0;0;0;0;0;0;0.000000;0;0;0;0;;;0;1.000.000;1.000.000;5;5;Opfer;;0;0;
37;-1.#QNAN0;0;0;0;0;0;0;0;0;0;0.000000;0;0;0;0;;;0;1.000.000;1.000.000;5;5;Wildtier - Bär;;0;0;
38;-1.#QNAN0;0;0;0;0;0;0;0;0;0;0.000000;0;0;0;0;;;0;1.000.000;1.000.000;5;5;Oger;;0;0;
39;-1.#QNAN0;0;0;0;0;0;0;0;0;0;0.000000;0;0;0;0;;;0;1.000.000;1.000.000;5;5;Kurzens Söldner;;0;0;
40;-1.#QNAN0;0;0;0;0;0;0;0;0;0;0.000000;0;0;0;0;;;0;1.000.000;1.000.000;5;5;Eskortierter;;0;0;
41;-1.#QNAN0;0;0;0;0;0;0;0;0;0;0.000000;0;0;0;0;;;0;1.000.000;1.000.000;5;5;Venture Company;;0;0;
42;-1.#QNAN0;0;0;0;0;0;0;0;0;0;0.000000;0;0;0;0;;;0;1.000.000;1.000.000;5;5;Wildtier - Raptor;;0;0;
43;-1.#QNAN0;0;0;0;0;0;0;0;0;0;0.000000;0;0;0;0;;;0;1.000.000;1.000.000;5;5;Basilisk;;0;0;
44;-1.#QNAN0;0;0;0;0;0;0;0;0;0;0.000000;0;0;0;0;;;0;1.000.000;1.000.000;5;5;Drachenschwarm, Grün;;0;0;
45;-1.#QNAN0;0;0;0;0;0;0;0;0;0;0.000000;0;0;0;0;;;0;1.000.000;1.000.000;5;5;Verirrte;;0;0;
46;0.000000;60819455;0;0;0;0;0;0;0;0;0.000000;0;0;4;0;;;0;1.000.000;1.000.000;5;5; Schmiedekunst - Rüstungsschmiedekunst;;0;0;
47;0.000000;18875465;33555378;4;0;0;0;0;0;3100;-1.#QNAN0;4000;0;273;6;SPIELER, Orc;;469;1.000.000;0.250000;4;7;Eisenschmiede;Die Hauptstadt der Allianz ist der ganze Stolz der Zwerge von Dun Morogh. Heimat von König Magni.;0;0;
48;-1.#QNAN0;0;0;0;0;0;0;0;0;0;0.000000;0;0;0;0;;;0;1.000.000;1.000.000;5;5;Dunkeleisenzwerge;;0;0;
49;-1.#QNAN0;0;0;0;0;0;0;0;0;0;0.000000;0;0;0;0;;;0;1.000.000;1.000.000;5;5;Mensch, Nachtwache;;0;0;
50;-1.#QNAN0;0;0;0;0;0;0;0;0;0;0.000000;0;0;0;0;;;0;1.000.000;1.000.000;5;5;Drachenschwarm, Rot;;0;0;
51;-1.#QNAN0;0;0;0;0;0;0;0;0;0;0.000000;0;0;0;0;;;0;1.000.000;1.000.000;5;5;Gnoll - Moosfelle;;0;0;
52;-1.#QNAN0;0;0;0;0;0;0;0;0;0;0.000000;0;0;0;0;;;0;1.000.000;1.000.000;5;5;Orc, Teufelsdrachenmalklan;;0;0;
53;-1.#QNAN0;0;0;0;0;0;0;0;0;0;0.000000;0;0;0;0;;;0;1.000.000;1.000.000;5;5;Gnom - Lepra;;0;0;
54;0.000000;18875405;33555378;64;0;0;0;0;0;3100;-1.#QNAN0;4000;0;273;6;SPIELER, Orc;;469;1.000.000;0.250000;4;7;Gnomeregan;Die einstigen Bewohner von Gnomeregan, die nun in Neu-Tüftlerstadt leben und Verbündete der Allianz sind.;0;0;
55;-1.#QNAN0;0;0;0;0;0;0;0;0;0;0.000000;0;0;0;0;;;0;1.000.000;1.000.000;5;5;Leopard;;0;0;
56;-1.#QNAN0;0;0;0;0;0;0;0;0;0;0.000000;0;0;0;0;;;0;1.000.000;1.000.000;5;5;Scharlachroter Kreuzzug;;0;0;
57;-1.#QNAN0;0;0;0;0;0;0;0;0;0;0.000000;0;0;0;0;;;0;1.000.000;1.000.000;5;5;Gnoll - Moderfelle;;0;0;
58;-1.#QNAN0;0;0;0;0;0;0;0;0;0;0.000000;0;0;0;0;;;0;1.000.000;1.000.000;5;5;Wildtier - Gorilla;;0;0;
59;0.000000;60819455;0;0;0;0;0;0;0;0;0.000000;0;0;16;0;;;1118;0.000000;0.000000;5;5;Thoriumbruderschaft;Die Zwerge der Thoriumbruderschaft verkörpern den Höhepunkt der Handwerkskunst und sind davon besessen, die Geheimnisse des Schwarzfels zu enträtseln.;0;0;
60;-1.#QNAN0;0;0;0;0;0;0;0;0;0;0.000000;0;0;0;0;;;0;1.000.000;1.000.000;5;5;Naga;;0;0;
61;-1.#QNAN0;0;0;0;0;0;0;0;0;0;0.000000;0;0;0;0;;;0;1.000.000;1.000.000;5;5;Dalaran;;0;0;
62;-1.#QNAN0;0;0;0;0;0;0;0;0;0;0.000000;0;0;0;0;;;0;1.000.000;1.000.000;5;5;Unglückseliger Geist;;0;0;
63;-1.#QNAN0;0;0;0;0;0;0;0;0;0;0.000000;0;0;0;0;;;0;1.000.000;1.000.000;5;5;Darkhowl;;0;0;
64;-1.#QNAN0;0;0;0;0;0;0;0;0;0;0.000000;0;0;0;0;;;0;1.000.000;1.000.000;5;5;Grell;;0;0;
65;-1.#QNAN0;0;0;0;0;0;0;0;0;0;0.000000;0;0;0;0;;;0;1.000.000;1.000.000;5;5;Furbolg;;0;0;
66;-1.#QNAN0;0;0;0;0;0;0;0;0;0;0.000000;0;0;0;0;;;0;1.000.000;1.000.000;5;5;Horde, Standard;;0;0;
67;0.000000;33555378;18875469;0;0;0;0;0;0;3500;-1.#QNAN0;0;0;25;14;;;1118;0.000000;0.000000;5;5;Horde;;0;0;
68;0.000000;33554850;18875469;16;512;0;0;0;0;500;-1.#QNAN0;4000;3100;273;6;SPIELER, Orc;SPIELER, Orc;67;1.000.000;0.250000;4;7;Unterstadt;Angeführt von Sylvanas Windläufer, sind die Verlassenen eine zerbrechliche Allianz mit der Horde eingegangen und haben ihre Hauptstadt in den unermesslichen Tiefen unter den Ruinen von Lordaeron errichtet.;0;0;
69;0.000000;18875461;33555378;8;0;0;0;0;0;3100;-1.#QNAN0;4000;0;273;6;SPIELER, Orc;;469;1.000.000;0.250000;4;7;Darnassus;Diese Hauptstadt der Allianz wird von Nachtelfen bewohnt und liegt auf der Insel Teldrassil. Beherrscht von der Mondpriesterin Tyrande Wisperwind.;0;0;
70;0.000000;60819455;0;0;0;0;0;0;0;-10000;0.000000;0;0;2;0;;;0;1.000.000;1.000.000;5;5;Syndikat;Eine Verbrechensorganisation, die hauptsächlich aus Menschen besteht und vom Alteracgebirge und den Vorgebirgen des Hügellands aus operiert.;0;0;
71;-1.#QNAN0;0;0;0;0;0;0;0;0;0;0.000000;0;0;0;0;;;0;1.000.000;1.000.000;5;5;Hügellandmiliz;;0;0;
72;0.000000;18875468;33555378;1;0;0;0;0;0;3100;-1.#QNAN0;4000;0;273;6;SPIELER, Orc;;469;1.000.000;0.250000;4;7;Sturmwind;Eine der letzten Bastionen der Macht der Menschen. Diese Hauptstadt der Allianz wird von dem zurückgekehrten König Varian Wrynn beherrscht.;0;0;
73;-1.#QNAN0;0;0;0;0;0;0;0;0;0;0.000000;0;0;0;0;;;0;1.000.000;1.000.000;5;5;Dämon;;0;0;
74;-1.#QNAN0;0;0;0;0;0;0;0;0;0;0.000000;0;0;0;0;;;0;1.000.000;1.000.000;5;5;Elementar;;0;0;
75;-1.#QNAN0;0;0;0;0;0;0;0;0;0;0.000000;0;0;0;0;;;0;1.000.000;1.000.000;5;5;Geist;;0;0;
76;0.000000;33554848;18875469;2;528;0;0;0;0;3100;-1.#QNAN0;4000;500;273;6;SPIELER, Orc;SPIELER, Orc;67;1.000.000;0.250000;4;7;Orgrimmar;Diese von Thrall begründete Hauptstadt der Horde ist das Zuhause von vielen der stolzen Orcklans von Durotar.;0;0;
77;-1.#QNAN0;0;0;0;0;0;0;0;0;0;0.000000;0;0;0;0;;;0;1.000.000;1.000.000;5;5;Schatz;;0;0;
78;-1.#QNAN0;0;0;0;0;0;0;0;0;0;0.000000;0;0;0;0;;;0;1.000.000;1.000.000;5;5;Gnoll - Morastschnauzen;;0;0;
79;-1.#QNAN0;0;0;0;0;0;0;0;0;0;0.000000;0;0;0;0;;;0;1.000.000;1.000.000;5;5;Hügelland, Bürgermeister von Süderstade;;0;0;
80;-1.#QNAN0;0;0;0;0;0;0;0;0;0;0.000000;0;0;0;0;;;0;1.000.000;1.000.000;5;5;Drachenschwarm, Schwarz;;0;0;
81;0.000000;33554818;18875469;528;32;0;0;0;0;3100;-1.#QNAN0;500;4000;273;6;SPIELER, Orc;SPIELER, Orc;67;1.000.000;0.250000;4;7;Donnerfels;Baine Bluthuf führt sein Volk, die stolzen Tauren, von dieser mächtigen Hauptstadt der Horde aus an.;0;0;
82;-1.#QNAN0;0;0;0;0;0;0;0;0;0;0.000000;0;0;0;0;;;0;1.000.000;1.000.000;5;5;Troll, Bleichborken;;0;0;
83;0.000000;1791;0;0;0;0;0;0;0;2999;0.000000;0;0;4;0;;;0;1.000.000;1.000.000;5;5; Lederverarbeitung - Elementar;;0;0;
84;-1.#QNAN0;0;0;0;0;0;0;0;0;0;0.000000;0;0;0;0;;;0;1.000.000;1.000.000;5;5;Stacheleber, Klingenmähnen;;0;0;
85;-1.#QNAN0;0;0;0;0;0;0;0;0;0;0.000000;0;0;0;0;;;0;1.000.000;1.000.000;5;5;Stacheleber, Borstennacken;;0;0;
86;0.000000;1791;0;0;0;0;0;0;0;2999;0.000000;0;0;4;0;;;0;1.000.000;1.000.000;5;5; Lederverarbeitung - Drachen;;0;0;
87;0.000000;60819455;0;0;0;0;0;0;0;-6500;0.000000;0;0;2;0;;;1118;0.000000;0.000000;5;5;Blutsegelbukaniere;Diese blutdürstigen Korsaren sind der Schrecken aller Handelsschiffe. Erzrivalen von Beutebucht.;0;0;
88;-1.#QNAN0;0;0;0;0;0;0;0;0;0;0.000000;0;0;0;0;;;0;1.000.000;1.000.000;5;5;Tiefschwarze Grotte;;0;0;
89;-1.#QNAN0;0;0;0;0;0;0;0;0;0;0.000000;0;0;0;0;;;0;1.000.000;1.000.000;5;5;Makrura;;0;0;
90;-1.#QNAN0;0;0;0;0;0;0;0;0;0;0.000000;0;0;0;0;;;0;1.000.000;1.000.000;5;5;Zentaur, Kolkar;;0;0;
91;-1.#QNAN0;0;0;0;0;0;0;0;0;0;0.000000;0;0;0;0;;;0;1.000.000;1.000.000;5;5;Zentaur, Galak;;0;0;
92;0.000000;60819455;0;0;0;0;0;0;0;2000;0.000000;0;0;2;0;;;1118;0.000000;0.000000;5;5;Gelkisklan;Diese Zentauren leben in der südlichen Region von Desolace. Todfeinde des Magramklans.;0;0;
93;0.000000;60819455;0;0;0;0;0;0;0;2000;0.000000;0;0;2;0;;;1118;0.000000;0.000000;5;5;Magramklan;Diese Zentauren leben in der östlichen Region von Desolace. Todfeinde des Gelkisklans.;0;0;
94;-1.#QNAN0;0;0;0;0;0;0;0;0;0;0.000000;0;0;0;0;;;0;1.000.000;1.000.000;5;5;Maraudine;;0;0;
108;-1.#QNAN0;0;0;0;0;0;0;0;0;0;0.000000;0;0;0;0;;;0;1.000.000;1.000.000;5;5;Theramore;;0;0;
109;-1.#QNAN0;0;0;0;0;0;0;0;0;0;0.000000;0;0;0;0;;;0;1.000.000;1.000.000;5;5;Stacheleber, Klingenhauer;;0;0;
110;-1.#QNAN0;0;0;0;0;0;0;0;0;0;0.000000;0;0;0;0;;;0;1.000.000;1.000.000;5;5;Stacheleber, Klingenmähnen 2;;0;0;
111;-1.#QNAN0;0;0;0;0;0;0;0;0;0;0.000000;0;0;0;0;;;0;1.000.000;1.000.000;5;5;Stacheleber, Totenkopf;;0;0;
128;-1.#QNAN0;0;0;0;0;0;0;0;0;0;0.000000;0;0;0;0;;;0;1.000.000;1.000.000;5;5;Feind;;0;0;
148;-1.#QNAN0;0;0;0;0;0;0;0;0;0;0.000000;0;0;0;0;;;0;1.000.000;1.000.000;5;5;Umgebung;;0;0;
168;-1.#QNAN0;0;0;0;0;0;0;0;0;0;0.000000;0;0;0;0;;;0;1.000.000;1.000.000;5;5;Karawane von Nethergarde;;0;0;
169;0.000000;60819455;0;0;0;0;0;0;0;500;0.000000;0;0;12;0;;;1118;0.000000;0.000000;5;5;Dampfdruckkartell;;0;0;
189;-1.#QNAN0;0;0;0;0;0;0;0;0;0;0.000000;0;0;0;0;;;0;1.000.000;1.000.000;5;5;Allianz Allgemein;;0;0;
209;-1.#QNAN0;0;0;0;0;0;0;0;0;0;0.000000;0;0;0;0;;;0;1.000.000;1.000.000;5;5;Nethergarde;;0;0;
229;-1.#QNAN0;0;0;0;0;0;0;0;0;0;0.000000;0;0;0;0;;;0;1.000.000;1.000.000;5;5;Die Höhlen des Wehklagens;;0;0;
249;-1.#QNAN0;0;0;0;0;0;0;0;0;0;0.000000;0;0;0;0;;;0;1.000.000;1.000.000;5;5;Sillithid;;0;0;
269;-1.#QNAN0;0;0;0;0;0;0;0;0;0;0.000000;0;0;0;0;;;0;1.000.000;1.000.000;5;5;Überlebende aus Silbermond;;0;0;
270;0.000000;60819455;0;0;0;0;0;0;0;0;0.000000;0;0;16;0;;;1118;0.000000;0.000000;5;5;Stamm der Zandalari;Diese Trolle sind zur Insel Yojamba gereist, um Hilfe im Kampf gegen den wiederauferstandenen Blutgott und seine Priester der Atal'ai in Zul'Gurub zu erbitten.;0;0;
289;0.000000;60819455;0;0;0;0;0;0;0;0;0.000000;0;0;4;0;;;0;1.000.000;1.000.000;5;5; Schmiedekunst - Waffenschmiedekunst;;0;0;
309;-1.#QNAN0;0;0;0;0;0;0;0;0;0;0.000000;0;0;0;0;;;0;1.000.000;1.000.000;5;5;Skorpid;;0;0;
310;-1.#QNAN0;0;0;0;0;0;0;0;0;0;0.000000;0;0;0;0;;;0;1.000.000;1.000.000;5;5;Wildtier - Fledermaus;;0;0;
311;-1.#QNAN0;0;0;0;0;0;0;0;0;0;0.000000;0;0;0;0;;;0;1.000.000;1.000.000;5;5;Titanisch;;0;0;
329;-1.#QNAN0;0;0;0;0;0;0;0;0;0;0.000000;0;0;0;0;;;0;1.000.000;1.000.000;5;5;Zuchtmeister Fitzel;;0;0;
349;0.000000;60819455;0;0;0;0;0;0;0;0;0.000000;0;0;0;0;;;1118;0.000000;0.000000;5;5;Rabenholdt;Diese Gilde von Dieben und Meuchelmördern heißt nur jene willkommen, die über außergewöhnliches Können verfügen. Erzrivalen des Syndikats.;0;0;
369;0.000000;60819455;0;0;0;0;0;0;0;500;0.000000;0;0;64;0;;;169;1.000.000;0.500000;7;5;Gadgetzan;Hauptstadt des Dampfdruckkartells und die Heimat der besten Ingenieure, Alchemisten und Händler, die die Goblins zu bieten haben.;0;0;
389;-1.#QNAN0;0;0;0;0;0;0;0;0;0;0.000000;0;0;0;0;;;0;1.000.000;1.000.000;5;5;Gnomeregan-Bug;;0;0;
409;-1.#QNAN0;0;0;0;0;0;0;0;0;0;0.000000;0;0;0;0;;;0;1.000.000;1.000.000;5;5;Harpyie;;0;0;
429;-1.#QNAN0;0;0;0;0;0;0;0;0;0;0.000000;0;0;0;0;;;0;1.000.000;1.000.000;5;5;Brennende Klinge;;0;0;
449;-1.#QNAN0;0;0;0;0;0;0;0;0;0;0.000000;0;0;0;0;;;0;1.000.000;1.000.000;5;5;Schattenseidewilderer;;0;0;
450;-1.#QNAN0;0;0;0;0;0;0;0;0;0;0.000000;0;0;0;0;;;0;1.000.000;1.000.000;5;5;Sengende Spinne;;0;0;
469;0.000000;23069773;33555378;0;0;0;0;0;0;3300;-1.#QNAN0;0;0;25;14;;;1118;0.000000;0.000000;5;5;Allianz;;0;0;
470;0.000000;60819455;0;0;0;0;0;0;0;500;0.000000;0;0;64;0;;;169;1.000.000;0.500000;7;5;Ratschet;Diese neutrale Goblinstadt, ein Teil des Dampfdruckkartells, ist ein sicherer Hafen für all jene, die im Brachland mit Waren und Dienstleistungen handeln wollen.;0;0;
471;0.000000;1097;690;4;0;0;0;0;0;150;-1.#QNAN0;500;0;20;22;ELER, Mensch;;0;1.000.000;1.000.000;5;5;Wildhammerklan;Obgleich sie der Allianz nicht angehören, haben die Zwerge des Nistgipfels ihr die Tore geöffnet und sehen die Horde als den Feind an.;0;0;
489;-1.#QNAN0;0;0;0;0;0;0;0;0;0;0.000000;0;0;0;0;;;0;1.000.000;1.000.000;5;5;Goblin, Dunkeleisen (Bargast);;0;0;
509;0.000000;18875469;33555378;0;0;0;0;0;0;0;-1.#QNAN0;0;0;16;2;;;891;0.000000;0.000000;5;5;Der Bund von Arathor;Der Bund von Arathor will die verlorenen Ländereien des Arathibeckens wieder für ihre Gönner in Sturmwind zurückgewinnen.;0;0;
510;0.000000;33555378;18875469;0;0;0;0;0;0;0;-1.#QNAN0;0;0;16;2;;;892;0.000000;0.000000;5;5;Die Entweihten;Die Entweihten wollen die wertvollen Ressourcen des Arathibeckens für die Horde gewinnen.;0;0;
511;-1.#QNAN0;0;0;0;0;0;0;0;0;0;0.000000;0;0;0;0;;;0;1.000.000;1.000.000;5;5;Riese;;0;0;
529;0.000000;60819455;0;0;0;0;0;0;0;200;0.000000;0;0;0;0;;;1118;0.000000;0.000000;5;5;Argentumdämmerung;Eine Organisation, die es sich zum Ziel gesetzt hat, Azeroth vor der Bedrohung durch die Geißel zu beschützen. Stützpunkte der Argentumdämmerung befinden sich in den Östlichen und Westlichen Pestländern.;0;0;
530;0.000000;33554722;18875469;528;128;0;0;0;0;3100;-1.#QNAN0;500;4000;273;6;SPIELER, Orc;SPIELER, Orc;67;1.000.000;0.250000;4;7;Dunkelspeertrolle;Dieser Stamm von verbannten Trollen hat sich Thrall und der Horde angeschlossen. Ihr Zuhause ist nun Durotar, welches sie sich mit den Orcs teilen.;0;0;
531;-1.#QNAN0;0;0;0;0;0;0;0;0;0;0.000000;0;0;0;0;;;0;1.000.000;1.000.000;5;5;Drachenschwarm, Bronze;;0;0;
532;-1.#QNAN0;0;0;0;0;0;0;0;0;0;0.000000;0;0;0;0;;;0;1.000.000;1.000.000;5;5;Drachenschwarm, Blau;;0;0;
549;0.000000;1791;0;0;0;0;0;0;0;2999;0.000000;0;0;4;0;;;0;1.000.000;1.000.000;5;5; Lederverarbeitung - Stamm;;0;0;
550;0.000000;1791;0;0;0;0;0;0;0;2999;0.000000;0;0;4;0;;;0;1.000.000;1.000.000;5;5; Ingenieurskunst - Goblin;;0;0;
551;0.000000;1791;0;0;0;0;0;0;0;2999;0.000000;0;0;4;0;;;0;1.000.000;1.000.000;5;5; Ingenieurskunst - Gnom;;0;0;
569;0.000000;1791;0;0;0;0;0;0;0;0;0.000000;0;0;4;0;;;0;1.000.000;1.000.000;5;5; Schmiedekunst - Hammerschmiedekunst;;0;0;
570;0.000000;1791;0;0;0;0;0;0;0;0;0.000000;0;0;4;0;;;0;1.000.000;1.000.000;5;5; Schmiedekunst - Axtschmiedekunst;;0;0;
571;0.000000;1791;0;0;0;0;0;0;0;0;0.000000;0;0;4;0;;;0;1.000.000;1.000.000;5;5; Schmiedekunst - Schwertschmiedekunst;;0;0;
572;-1.#QNAN0;0;0;0;0;0;0;0;0;0;0.000000;0;0;0;0;;;0;1.000.000;1.000.000;5;5;Troll, Blutfratzen;;0;0;
573;-1.#QNAN0;0;0;0;0;0;0;0;0;0;0.000000;0;0;0;0;;;0;1.000.000;1.000.000;5;5;Südmeerfreibeuter;;0;0;
574;0.000000;60819455;0;0;0;0;0;0;0;0;0.000000;0;0;4;0;;;0;1.000.000;1.000.000;5;5;Darrowehr;;0;0;
575;-1.#QNAN0;0;0;0;0;0;0;0;0;0;0.000000;0;0;0;0;;;0;1.000.000;1.000.000;5;5;Furbolg, nicht verderbt;;0;0;
576;0.000000;60819455;0;0;0;0;0;0;0;-2900;0.000000;0;0;0;0;;;1118;0.000000;0.000000;5;5;Holzschlundfeste;Als der letzte unverderbte Stamm der Furbolgs, wollen die Furbolgs der Holzschlundfeste ihren spirituellen Lebensweg bewahren und das Leiden ihrer Artgenossen beenden.;0;0;
577;0.000000;60819455;0;0;0;0;0;0;0;500;0.000000;0;0;64;0;;;169;1.000.000;0.500000;7;5;Ewige Warte;Dies ist ein von den Goblins des Dampfdruckkartells geführter Handelsposten, der sich im Zentrum der Haupthandelswege von Winterquell befindet.;0;0;
589;0.000000;33555378;18875469;0;0;0;0;0;0;-42000;0.000000;0;0;6;0;;;0;1.000.000;1.000.000;5;5;Wintersäblerausbilder;Eine kleine Gruppe zurückgezogener Nachtelfen zieht in der Gegend von Winterquell Wintersäbler auf und bildet sie aus.;0;0;
609;0.000000;60819455;60817576;0;0;1023;1024;0;0;0;0.000000;0;0;0;0;;;1118;0.000000;0.000000;5;5;Zirkel des Cenarius;Die Druiden des Zirkels des Cenarius sind Beschützer der Natur und leben auf der friedlichen Mondlichtung.;0;0;
629;-1.#QNAN0;0;0;0;0;0;0;0;0;0;0.000000;0;0;0;0;;;0;1.000.000;1.000.000;5;5;Splitterspeertrolle;;0;0;
630;-1.#QNAN0;0;0;0;0;0;0;0;0;0;0.000000;0;0;0;0;;;0;1.000.000;1.000.000;5;5;Ravasaurusausbilder;;0;0;
649;-1.#QNAN0;0;0;0;0;0;0;0;0;0;0.000000;0;0;0;0;;;0;1.000.000;1.000.000;5;5;Majordomus Exekutus;;0;0;
669;-1.#QNAN0;0;0;0;0;0;0;0;0;0;0.000000;0;0;0;0;;;0;1.000.000;1.000.000;5;5;Wildtier - Aasvogel;;0;0;
670;-1.#QNAN0;0;0;0;0;0;0;0;0;0;0.000000;0;0;0;0;;;0;1.000.000;1.000.000;5;5;Wildtier - Katze;;0;0;
671;-1.#QNAN0;0;0;0;0;0;0;0;0;0;0.000000;0;0;0;0;;;0;1.000.000;1.000.000;5;5;Wildtier - Krebs;;0;0;
672;-1.#QNAN0;0;0;0;0;0;0;0;0;0;0.000000;0;0;0;0;;;0;1.000.000;1.000.000;5;5;Wildtier - Krokilisk;;0;0;
673;-1.#QNAN0;0;0;0;0;0;0;0;0;0;0.000000;0;0;0;0;;;0;1.000.000;1.000.000;5;5;Wildtier - Hyäne;;0;0;
674;-1.#QNAN0;0;0;0;0;0;0;0;0;0;0.000000;0;0;0;0;;;0;1.000.000;1.000.000;5;5;Wildtier - Eule;;0;0;
675;-1.#QNAN0;0;0;0;0;0;0;0;0;0;0.000000;0;0;0;0;;;0;1.000.000;1.000.000;5;5;Wildtier - Skorpid;;0;0;
676;-1.#QNAN0;0;0;0;0;0;0;0;0;0;0.000000;0;0;0;0;;;0;1.000.000;1.000.000;5;5;Wildtier - Weitschreiter;;0;0;
677;-1.#QNAN0;0;0;0;0;0;0;0;0;0;0.000000;0;0;0;0;;;0;1.000.000;1.000.000;5;5;Wildtier - Schildkröte;;0;0;
678;-1.#QNAN0;0;0;0;0;0;0;0;0;0;0.000000;0;0;0;0;;;0;1.000.000;1.000.000;5;5;Wildtier - Windnatter;;0;0;
679;-1.#QNAN0;0;0;0;0;0;0;0;0;0;0.000000;0;0;0;0;;;0;1.000.000;1.000.000;5;5;Trainingsattrappe;;0;0;
689;-1.#QNAN0;0;0;0;0;0;0;0;0;0;0.000000;0;0;0;0;;;0;1.000.000;1.000.000;5;5;Drachenschwarm, schwarz - Köder;;0;0;
709;-1.#QNAN0;0;0;0;0;0;0;0;0;0;0.000000;0;0;0;0;;;0;1.000.000;1.000.000;5;5;Schlachtfeld, neutral;;0;0;
729;0.000000;33555378;18875469;0;0;0;0;0;0;0;-1.#QNAN0;0;0;16;6;;;892;0.000000;0.000000;5;5;Frostwolfklan;Der Frostwolfklan will die Zwerge des Sturmlanzenklans aus dem Alteractal vertreiben.;0;0;
730;0.000000;18875469;33555378;0;0;0;0;0;0;0;-1.#QNAN0;0;0;16;6;;;891;0.000000;0.000000;5;5;Sturmlanzengarde;Die Zwerge des Sturmlanzenklans haben sich im Alteractal niedergelassen, wo sie in ständige Auseinandersetzungen mit den Orcs des Frostwolfklans verwickelt sind.;0;0;
749;0.000000;60819455;0;0;0;0;0;0;0;0;0.000000;0;0;0;0;;;1118;0.000000;0.000000;5;5;Hydraxianer;Diese Elementarwesen leben auf den Inseln östlich von Azshara. Erzrivalen der Armeen von Ragnaros.;0;0;
750;-1.#QNAN0;0;0;0;0;0;0;0;0;0;0.000000;0;0;0;0;;;0;1.000.000;1.000.000;5;5;Sulfuronfeuerlords;;0;0;
769;-1.#QNAN0;0;0;0;0;0;0;0;0;0;0.000000;0;0;0;0;;;0;1.000.000;1.000.000;5;5;Gizlocks Attrappe;;0;0;
770;-1.#QNAN0;0;0;0;0;0;0;0;0;0;0.000000;0;0;0;0;;;0;1.000.000;1.000.000;5;5;Gizlocks Glücksbringer;;0;0;
771;-1.#QNAN0;0;0;0;0;0;0;0;0;0;0.000000;0;0;0;0;;;0;1.000.000;1.000.000;5;5;Gizlock;;0;0;
789;-1.#QNAN0;0;0;0;0;0;0;0;0;0;0.000000;0;0;0;0;;;0;1.000.000;1.000.000;5;5;Moro'gai;;0;0;
790;-1.#QNAN0;0;0;0;0;0;0;0;0;0;0.000000;0;0;0;0;;;0;1.000.000;1.000.000;5;5;Geisterführer - Allianz;;0;0;
809;0.000000;60819455;0;0;0;0;0;0;0;0;0.000000;0;0;16;0;;;1118;0.000000;0.000000;5;5;Shen'dralar;Ein Überbleibsel der mächtigen Elfen, die einst in Düsterbruch lebten. Sie sind noch immer weise und wissen um viele Geheimnisse.;0;0;
829;-1.#QNAN0;0;0;0;0;0;0;0;0;0;0.000000;0;0;0;0;;;0;1.000.000;1.000.000;5;5;Oger (Hauptmann Krombruch);;0;0;
849;-1.#QNAN0;0;0;0;0;0;0;0;0;0;0.000000;0;0;0;0;;;0;1.000.000;1.000.000;5;5;Geisterführer - Horde;;0;0;
869;-1.#QNAN0;0;0;0;0;0;0;0;0;0;0.000000;0;0;0;0;;;0;1.000.000;1.000.000;5;5;Jaedenar;;0;0;
889;0.000000;33555378;18875469;0;0;0;0;0;0;0;-1.#QNAN0;0;0;16;6;;;892;0.000000;0.000000;7;7;Kriegshymnenklan;Grimmige Orcs des Kriegshymnenklans, die in ständige Auseinandersetzungen mit den Schildwachen der Silberschwingen in der Kriegshymnenschlucht verwickelt sind.;0;0;
890;0.000000;18875469;33555378;0;0;0;0;0;0;0;-1.#QNAN0;0;0;16;6;;;891;0.000000;0.000000;7;7;Silberschwingen;Standhafte Verteidiger des Eschentals, die in ständige Auseinandersetzungen mit der Vorhut des Kriegshymnenklans in der Kriegshymnenschlucht verwickelt sind.;0;0;
891;0.000000;18875469;33554866;0;0;0;0;0;0;0;-1.#QNAN0;0;0;24;14;;;1118;0.000000;0.000000;5;5;Streitkräfte der Allianz;;0;0;
892;0.000000;33555378;18875469;0;0;0;0;0;0;0;-1.#QNAN0;0;0;24;14;;;1118;0.000000;0.000000;5;5;Streitkräfte der Horde;;0;0;
893;-1.#QNAN0;0;0;0;0;0;0;0;0;0;0.000000;0;0;0;0;;;0;1.000.000;1.000.000;5;5;Bruchhauertrolle;;0;0;
909;0.000000;60819455;0;0;0;0;0;0;0;0;0.000000;0;0;16;0;;;1118;0.000000;0.000000;5;5;Dunkelmond-Jahrmarkt;Dieser Jahrmarkt bietet das Bizarre und Außergewöhnliche dar. Er ist auf einer mysteriösen Insel beheimatet, die Besucher nur in der ersten Woche jedes Monats betreten können.;0;0;
910;0.000000;60819455;0;0;0;0;0;0;0;-42000;0.000000;0;0;0;0;;;1118;0.000000;0.000000;5;5;Brut Nozdormus;Die Abkömmlinge des bronzenen Drachenschwarms sind die Behüter der Zeit und scheren sich wenig um die Angelegenheiten der sterblichen Völker.;0;0;
911;0.000000;33554850;18875469;512;16;0;0;0;0;400;-1.#QNAN0;4000;3100;273;6;SPIELER, Orc;SPIELER, Orc;67;1.000.000;0.250000;4;7;Silbermond;Hauptstadt von Quel'Thalas und Heimat der Blutelfen. Fast gänzlich nach Arthas' Angriff auf den Sonnenbrunnen zerstört, ist Silbermond wieder eine blühende Metropole.;0;0;
912;-1.#QNAN0;0;0;0;0;0;0;0;0;0;0.000000;0;0;0;0;;;0;1.000.000;1.000.000;5;5;Macht von Kalimdor;;0;0;
914;-1.#QNAN0;0;0;0;0;0;0;0;0;0;0.000000;0;0;0;0;;;0;1.000.000;1.000.000;5;5;SPIELER, Blutelf;;0;0;
915;-1.#QNAN0;0;0;0;0;0;0;0;0;0;0.000000;0;0;0;0;;;0;1.000.000;1.000.000;5;5;Armeen von C'Thun;;0;0;
916;-1.#QNAN0;0;0;0;0;0;0;0;0;0;0.000000;0;0;0;0;;;0;1.000.000;1.000.000;5;5;Silithidenaggressoren;;0;0;
917;-1.#QNAN0;0;0;0;0;0;0;0;0;0;0.000000;0;0;0;0;;;0;1.000.000;1.000.000;5;5;Die Eisenschmiedebrigade;;0;0;
918;-1.#QNAN0;0;0;0;0;0;0;0;0;0;0.000000;0;0;0;0;;;0;1.000.000;1.000.000;5;5;Ferngesteuerte Gegner;;0;0;
919;-1.#QNAN0;0;0;0;0;0;0;0;0;0;0.000000;0;0;0;0;;;0;1.000.000;1.000.000;5;5;Ferngesteuerte Objekte;;0;0;
920;-1.#QNAN0;0;0;0;0;0;0;0;0;0;0.000000;0;0;0;0;;;0;1.000.000;1.000.000;5;5;Rot;;0;0;
921;-1.#QNAN0;0;0;0;0;0;0;0;0;0;0.000000;0;0;0;0;;;0;1.000.000;1.000.000;5;5;Blau;;0;0;
922;0.000000;33555378;18875469;0;0;0;0;0;0;0;-1.#QNAN0;0;0;16;6;;;980;0.000000;0.000000;5;5;Tristessa;Einstige Stadt der Hochelfen, nach dem Einmarsch der Geißel in Quel'Thalas von ihren einstigen Bewohnern aufgegeben. Erst kürzlich von den Verlassenen und den Blutelfen, während Ihres Feldzuges gegen die Geißel in den Geisterlanden, zurückerobert.;0;0;
923;-1.#QNAN0;0;0;0;0;0;0;0;0;0;0.000000;0;0;0;0;;;0;1.000.000;1.000.000;5;5;Weltenwanderer;;0;0;
924;-1.#QNAN0;0;0;0;0;0;0;0;0;0;0.000000;0;0;0;0;;;0;1.000.000;1.000.000;5;5;DEPRECATED;;0;0;
925;-1.#QNAN0;0;0;0;0;0;0;0;0;0;0.000000;0;0;0;0;;;0;1.000.000;1.000.000;5;5;Sonnenwanderer;;0;0;
926;-1.#QNAN0;0;0;0;0;0;0;0;0;0;0.000000;0;0;0;0;;;0;1.000.000;1.000.000;5;5;Die Magistergilde;;0;0;
927;-1.#QNAN0;0;0;0;0;0;0;0;0;0;0.000000;0;0;0;0;;;0;1.000.000;1.000.000;5;5;SPIELER, Draenei;;0;0;
928;-1.#QNAN0;0;0;0;0;0;0;0;0;0;0.000000;0;0;0;0;;;0;1.000.000;1.000.000;5;5;Geißelinvasoren;;0;0;
929;-1.#QNAN0;0;0;0;0;0;0;0;0;0;0.000000;0;0;0;0;;;469;0.000000;0.000000;3;3;Klan der Blutschläger;;0;0;
930;0.000000;18874445;33555378;1024;0;0;0;0;0;3000;-1.#QNAN0;4000;0;273;6;SPIELER, Orc;;469;1.000.000;0.250000;4;7;Die Exodar;Das Schiff der Naaru, das die Draenei nach Azeroth brachte. Nach seinem Absturz auf der Azurmythosinsel dient es diesem edlen Volk als Heimstätte.;0;0;
931;-1.#QNAN0;0;0;0;0;0;0;0;0;0;0.000000;0;0;0;0;;;0;1.000.000;1.000.000;5;5;Test Faction (not a real faction);This faction only exists to test the editing of faction names and descriptions...;0;0;
932;0.000000;60817919;1024;512;0;0;0;0;0;0;0.000000;-3500;0;80;80;SPIELER, Tauren;;936;-1.100.000;1.000.000;7;7;Die Aldor;Als uralter Orden von Draeneipriestern, einst geführt von Velen, werden die Aldor nun von Hohepriesterin Ishanah geleitet. Sie dienen den Naaru in Shattrath, auch bekannt als die Sha'tar. Rivalen der Seher.;0;0;
933;0.000000;60819455;0;0;0;0;0;0;0;0;0.000000;0;0;16;0;;;980;0.000000;0.000000;7;7;Das Konsortium;Das Konsortium, geführt von Nexusprinz Haramad, ist ein frei gebundenes Kartell von astralen Schmugglern, Händlern und Dieben, die in die Scherbenwelt kamen, um von ihren Schätzen zu profitieren.;0;0;
934;0.000000;60817919;1024;512;0;0;0;0;0;0;-1.#QNAN0;3500;0;80;80;SPIELER, Tauren;;936;-1.100.000;1.000.000;7;7;Die Seher;Voren'thal der Seher ist der Anführer der andersdenkenden Blutelfen, die Kael'thas' Weg der Macht abgelehnt haben. Sie haben sich, zu großer Bestürzung der Aldor, mit den Naaru von Shattrath verbündet.;0;0;
935;0.000000;60819455;0;0;0;0;0;0;0;0;0.000000;0;0;16;0;;;936;0.500000;0.000000;4;3;Die Sha'tar;Die Sha'tar sind eine Gruppe mächtiger Naaru, die das neu aufgebaute Shattrath regieren. Mit Hilfe der Aldor und der Seher führen sie den Kampf gegen Illidan und die Brennende Legion an.;0;0;
936;0.000000;60819455;0;0;0;0;0;0;0;0;0.000000;0;0;28;0;;;980;0.000000;0.000000;7;7;Shattrath;;0;0;
937;-1.#QNAN0;0;0;0;0;0;0;0;0;0;0.000000;0;0;0;0;;;0;1.000.000;1.000.000;5;5;Waldtrolle;;0;0;
938;-1.#QNAN0;0;0;0;0;0;0;0;0;0;0.000000;0;0;0;0;;;0;1.000.000;1.000.000;5;5;Die Omenai;;0;0;
939;-1.#QNAN0;0;0;0;0;0;0;0;0;0;0.000000;0;0;0;0;;;0;1.000.000;1.000.000;5;5;DEPRECATED;;0;0;
940;-1.#QNAN0;0;0;0;0;0;0;0;0;0;0.000000;0;0;0;0;;;0;1.000.000;1.000.000;5;5;Die Söhne Lothars;;0;0;
941;0.000000;33555378;18875469;0;0;0;0;0;0;-500;-1.#QNAN0;0;0;16;6;;;980;0.000000;0.000000;5;5;Die Mag'har;Diese zurückgezogene Gruppe braunhäutiger Orcs ist jeglichem Einfluss dämonischer Verderbnis entflohen. Sie behielten angesichts der großen Veränderungen in der Scherbenwelt ihre traditionelle Lebensweise bei.;0;0;
942;0.000000;60819455;0;0;0;0;0;0;0;0;0.000000;0;0;16;0;;;980;0.000000;0.000000;5;5;Expedition des Cenarius;Eine Truppe von Forschern, die vom Zirkel des Cenarius in die Scherbenwelt entsandt wurde, um die dort überlebenden Lebensformen zu untersuchen. Die Expedition hat seit der Öffnung des Dunklen Portals rasch an Größe und Unabhängigkeit gewonnen.;0;0;
943;-1.#QNAN0;0;0;0;0;0;0;0;0;0;0.000000;0;0;0;0;;;0;1.000.000;1.000.000;5;5;Höllenorc;;0;0;
944;-1.#QNAN0;0;0;0;0;0;0;0;0;0;0.000000;0;0;0;0;;;0;1.000.000;1.000.000;5;5;Höllenorcgeist;;0;0;
945;-1.#QNAN0;0;0;0;0;0;0;0;0;0;0.000000;0;0;0;0;;;0;1.000.000;1.000.000;5;5;Geister der Söhne Lothars;;0;0;
946;0.000000;18875469;33555378;0;0;0;0;0;0;0;-1.#QNAN0;0;0;16;0;;;980;0.000000;0.000000;5;5;Ehrenfeste;Die noch Verbliebenen der Söhne Lothars, Veteranen der Allianz, die zuerst nach Draenor kamen, haben standhaft an diesem Außenposten der Höllenfeuerhalbinsel festgehalten. Die Armeen von Sturmwind und Eisenschmiede haben sich ihnen jetzt angeschlossen.;0;0;
947;0.000000;33555378;18875469;0;0;0;0;0;0;0;-1.#QNAN0;0;0;16;0;;;980;0.000000;0.000000;5;5;Thrallmar;Die Expedition, die von Thrall durch das Dunkle Portal gesandt wurde, hat auf der Höllenfeuerhalbinsel eine Feste errichtet. Thrallmar dient der Horde als Operationsbasis für den Großteil ihrer Aktivitäten in der Scherbenwelt.;0;0;
948;0.000000;58753023;0;0;0;0;0;0;0;0;0.000000;0;0;8;0;;;949;1.000.000;1.000.000;5;5;Test Faction 2;;0;0;
949;0.000000;60850175;0;0;0;0;0;0;0;0;0.000000;0;0;24;0;;;0;1.000.000;1.000.000;5;5;Test Faction 1;;0;0;
950;-1.#QNAN0;0;0;0;0;0;0;0;0;0;0.000000;0;0;0;0;;;0;1.000.000;1.000.000;5;5;ToWoW - Flag;;0;0;
951;-1.#QNAN0;0;0;0;0;0;0;0;0;0;0.000000;0;0;0;0;;;0;1.000.000;1.000.000;5;5;ToWoW - Flag Trigger Alliance (DND);;0;0;
952;0.000000;60850175;0;0;0;0;0;0;0;0;0.000000;0;0;0;0;;;948;1.000.000;1.000.000;5;5;Test Faction 3;;0;0;
953;0.000000;0;0;0;0;2047;0;0;0;0;0.000000;0;0;4;0;;;0;1.000.000;1.000.000;5;5;Test Faction 4;;0;0;
954;-1.#QNAN0;0;0;0;0;0;0;0;0;0;0.000000;0;0;0;0;;;0;1.000.000;1.000.000;5;5;ToWoW - Flag Trigger Horde (DND);;0;0;
955;-1.#QNAN0;0;0;0;0;0;0;0;0;0;0.000000;0;0;0;0;;;0;1.000.000;1.000.000;5;5;Die Zerschlagenen;;0;0;
956;-1.#QNAN0;0;0;0;0;0;0;0;0;0;0.000000;0;0;0;0;;;0;1.000.000;1.000.000;5;5;Astraleum;;0;0;
957;-1.#QNAN0;0;0;0;0;0;0;0;0;0;0.000000;0;0;0;0;;;0;1.000.000;1.000.000;5;5;Erdelementare;;0;0;
958;-1.#QNAN0;0;0;0;0;0;0;0;0;0;0.000000;0;0;0;0;;;0;1.000.000;1.000.000;5;5;Kampfroboter;;0;0;
959;-1.#QNAN0;0;0;0;0;0;0;0;0;0;0.000000;0;0;0;0;;;0;1.000.000;1.000.000;5;5;Guter Darsteller;;0;0;
960;-1.#QNAN0;0;0;0;0;0;0;0;0;0;0.000000;0;0;0;0;;;0;1.000.000;1.000.000;5;5;Böser Darsteller;;0;0;
961;-1.#QNAN0;0;0;0;0;0;0;0;0;0;0.000000;0;0;0;0;;;0;1.000.000;1.000.000;5;5;Furbolg der Tannenruhfeste;;0;0;
962;-1.#QNAN0;0;0;0;0;0;0;0;0;0;0.000000;0;0;0;0;;;0;1.000.000;1.000.000;5;5;Wahnsinniger Eulkin;;0;0;
963;-1.#QNAN0;0;0;0;0;0;0;0;0;0;0.000000;0;0;0;0;;;0;1.000.000;1.000.000;5;5;Schach Allianz;;0;0;
964;-1.#QNAN0;0;0;0;0;0;0;0;0;0;0.000000;0;0;0;0;;;0;1.000.000;1.000.000;5;5;Schach Horde;;0;0;
965;-1.#QNAN0;0;0;0;0;0;0;0;0;0;0.000000;0;0;0;0;;;0;1.000.000;1.000.000;5;5;Monster Spar;;0;0;
966;-1.#QNAN0;0;0;0;0;0;0;0;0;0;0.000000;0;0;0;0;;;0;1.000.000;1.000.000;5;5;Monster Spar Buddy;;0;0;
967;0.000000;60821503;0;0;0;0;0;0;0;0;0.000000;0;0;16;0;;;980;0.000000;0.000000;5;5;Das Violette Auge;Eine geheime Sekte der Kirin Tor, die gegründet wurde, um Medivh und seine Arbeit auszuspionieren.;0;0;
968;-1.#QNAN0;0;0;0;0;0;0;0;0;0;0.000000;0;0;0;0;;;0;1.000.000;1.000.000;5;5;Sonnenfalken;;0;0;
969;-1.#QNAN0;0;0;0;0;0;0;0;0;0;0.000000;0;0;0;0;;;0;1.000.000;1.000.000;5;5;Hand von Argus;;0;0;
970;0.000000;60819455;0;0;0;0;0;0;0;-2500;0.000000;0;0;0;0;;;980;0.000000;0.000000;5;5;Sporeggar;Die Sporlinge sind ein vornehmlich friedfertiges Volk von Pilzwesen, das in der Scherbenwelt heimisch ist. Ihre Heimstätte liegt in den südlichen Sümpfen der Zangarmarschen.;0;0;
971;-1.#QNAN0;0;0;0;0;0;0;0;0;0;0.000000;0;0;0;0;;;0;1.000.000;1.000.000;5;5;Fungusgigant;;0;0;
972;-1.#QNAN0;0;0;0;0;0;0;0;0;0;0.000000;0;0;0;0;;;0;1.000.000;1.000.000;5;5;Sporensegler;;0;0;
973;-1.#QNAN0;0;0;0;0;0;0;0;0;0;0.000000;0;0;0;0;;;0;1.000.000;1.000.000;5;5;Monster, Raubtier;;0;0;
974;-1.#QNAN0;0;0;0;0;0;0;0;0;0;0.000000;0;0;0;0;;;0;1.000.000;1.000.000;5;5;Monster, Beute;;0;0;
975;-1.#QNAN0;0;0;0;0;0;0;0;0;0;0.000000;0;0;0;0;;;0;1.000.000;1.000.000;5;5;Anomalie der Leere;;0;0;
976;-1.#QNAN0;0;0;0;0;0;0;0;0;0;0.000000;0;0;0;0;;;0;1.000.000;1.000.000;5;5;Verteidiger des Hyjal;;0;0;
977;-1.#QNAN0;0;0;0;0;0;0;0;0;0;0.000000;0;0;0;0;;;0;1.000.000;1.000.000;5;5;Invasoren des Hyjal;;0;0;
978;0.000000;18875469;33555378;0;0;0;0;0;0;-1200;-1.#QNAN0;0;0;16;0;;;980;0.000000;0.000000;5;5;Kurenai;"Draeneiisch für erlöst"". Diese Zerschlagenen konnten aus den Fängen ihrer Unterdrücker in der Scherbenwelt entfliehen und haben in Nagrand ihre neue Heimat gefunden. Dort versuchen sie nun";" ihr Schicksal aufs Neue zu entdecken.""";0;0
979;-1.#QNAN0;0;0;0;0;0;0;0;0;0;0.000000;0;0;0;0;;;0;1.000.000;1.000.000;5;5;Der Irdene Ring, Alte Welt;;0;0;
980;0.000000;60819455;0;0;0;0;0;0;0;0;0.000000;0;0;24;0;;;0;0.000000;0.000000;5;5;The Burning Crusade;;1;0;
981;-1.#QNAN0;0;0;0;0;0;0;0;0;0;0.000000;0;0;0;0;;;0;1.000.000;1.000.000;5;5;Arakkoa;;0;0;
982;-1.#QNAN0;0;0;0;0;0;0;0;0;0;0.000000;0;0;0;0;;;0;1.000.000;1.000.000;5;5;Banner der Zangarmarschen (Allianz);;0;0;
983;-1.#QNAN0;0;0;0;0;0;0;0;0;0;0.000000;0;0;0;0;;;0;1.000.000;1.000.000;5;5;Banner der Zangarmarschen (Horde);;0;0;
984;-1.#QNAN0;0;0;0;0;0;0;0;0;0;0.000000;0;0;0;0;;;0;1.000.000;1.000.000;5;5;Banner der Zangarmarschen (Neutral);;0;0;
985;-1.#QNAN0;0;0;0;0;0;0;0;0;0;0.000000;0;0;0;0;;;0;1.000.000;1.000.000;5;5;Höhlen der Zeit - Thrall;;0;0;
986;-1.#QNAN0;0;0;0;0;0;0;0;0;0;0.000000;0;0;0;0;;;0;1.000.000;1.000.000;5;5;Höhlen der Zeit - Durnholde;;0;0;
987;-1.#QNAN0;0;0;0;0;0;0;0;0;0;0.000000;0;0;0;0;;;0;1.000.000;1.000.000;5;5;Höhlen der Zeit - Wachen von Süderstade;;0;0;
988;-1.#QNAN0;0;0;0;0;0;0;0;0;0;0.000000;0;0;0;0;;;0;1.000.000;1.000.000;5;5;Agent des Schattenrats;;0;0;
989;0.000000;60819455;0;0;0;0;0;0;0;0;0.000000;0;0;16;0;;;980;0.000000;0.000000;5;5;Hüter der Zeit;Die Hüter der Zeit sind von Nozdormu höchstpersönlich ausgesuchte bronzene Drachen, die über die Höhlen der Zeit wachen.;0;0;
990;0.000000;60819455;0;0;0;0;0;0;0;0;0.000000;0;0;16;0;;;980;0.000000;0.000000;5;5;Die Wächter der Sande;Eine geheime Gruppierung des bronzenen Drachenschwarms, angeführt von Soridormi, Nozdormus Hauptgefährtin.;0;0;
991;-1.#QNAN0;0;0;0;0;0;0;0;0;0;0.000000;0;0;0;0;;;0;1.000.000;1.000.000;5;5;Verteidiger des Dunklen Portals, Allianz;;0;0;
992;-1.#QNAN0;0;0;0;0;0;0;0;0;0;0.000000;0;0;0;0;;;0;1.000.000;1.000.000;5;5;Verteidiger des Dunklen Portals, Horde;;0;0;
993;-1.#QNAN0;0;0;0;0;0;0;0;0;0;0.000000;0;0;0;0;;;0;1.000.000;1.000.000;5;5;Angreifer des Dunklen Portals, Legion;;0;0;
994;-1.#QNAN0;0;0;0;0;0;0;0;0;0;0.000000;0;0;0;0;;;0;1.000.000;1.000.000;5;5;Hetzerauslöser;Verwendet für das Ereignis Schwarzherz der Hetzer.;0;0;
995;-1.#QNAN0;0;0;0;0;0;0;0;0;0;0.000000;0;0;0;0;;;0;1.000.000;1.000.000;5;5;Animationsauslöser 2;Verwendet für das Ereignis Schwarzherz der Hetzer.;0;0;
996;-1.#QNAN0;0;0;0;0;0;0;0;0;0;0.000000;0;0;0;0;;;0;1.000.000;1.000.000;5;5;Animationsauslöser 3;Verwendet für das Ereignis Schwarzherz der Hetzer.;0;0;
997;-1.#QNAN0;0;0;0;0;0;0;0;0;0;0.000000;0;0;0;0;;;0;1.000.000;1.000.000;5;5;Animationsauslöser 4;Verwendet für das Ereignis Schwarzherz der Hetzer.;0;0;
998;-1.#QNAN0;0;0;0;0;0;0;0;0;0;0.000000;0;0;0;0;;;0;1.000.000;1.000.000;5;5;Animationsauslöser 5;Verwendet für das Ereignis Schwarzherz der Hetzer.;0;0;
999;-1.#QNAN0;0;0;0;0;0;0;0;0;0;0.000000;0;0;0;0;;;0;1.000.000;1.000.000;5;5;Manakreatur;;0;0;
1000;-1.#QNAN0;0;0;0;0;0;0;0;0;0;0.000000;0;0;0;0;;;0;1.000.000;1.000.000;5;5;Khadgars Diener;;0;0;
1001;-1.#QNAN0;0;0;0;0;0;0;0;0;0;0.000000;0;0;0;0;;;0;1.000.000;1.000.000;5;5;Klan der Speerspießer;;0;0;
1002;-1.#QNAN0;0;0;0;0;0;0;0;0;0;0.000000;0;0;0;0;;;0;1.000.000;1.000.000;5;5;Sparringspartner des Astraleums;;0;0;
1003;-1.#QNAN0;0;0;0;0;0;0;0;0;0;0.000000;0;0;0;0;;;0;1.000.000;1.000.000;5;5;Protektorat;;0;0;
1004;-1.#QNAN0;0;0;0;0;0;0;0;0;0;0.000000;0;0;0;0;;;0;1.000.000;1.000.000;5;5;Arkanvernichter (DNR);;0;0;
1005;0.000000;67108863;0;0;0;1503;0;0;0;3000;0.000000;0;0;20;0;;;0;1.000.000;1.000.000;5;5;Befreundet, versteckt;;0;0;
1006;-1.#QNAN0;0;0;0;0;0;0;0;0;0;0.000000;0;0;0;0;;;0;1.000.000;1.000.000;5;5;Kirin'Var - Dathric;;0;0;
1007;-1.#QNAN0;0;0;0;0;0;0;0;0;0;0.000000;0;0;0;0;;;0;1.000.000;1.000.000;5;5;Kirin'Var - Belmara;;0;0;
1008;-1.#QNAN0;0;0;0;0;0;0;0;0;0;0.000000;0;0;0;0;;;0;1.000.000;1.000.000;5;5;Kirin'Var - Luminrath;;0;0;
1009;-1.#QNAN0;0;0;0;0;0;0;0;0;0;0.000000;0;0;0;0;;;0;1.000.000;1.000.000;5;5;Kirin'Var - Cohlien;;0;0;
1010;-1.#QNAN0;0;0;0;0;0;0;0;0;0;0.000000;0;0;0;0;;;0;1.000.000;1.000.000;5;5;Illidans Diener;;0;0;
1011;0.000000;52461567;0;0;0;2047;0;0;0;0;0.000000;0;0;16;0;;;936;0.000000;0.000000;3;3;Unteres Viertel;Die Flüchtlinge von Shattrath entstammen den verschiedensten Verhältnissen und Völkern. Die Kunde guter Taten verbreitet sich rasch unter den Bewohnern des Unteren Viertels.;0;0;
1012;0.000000;60819455;0;0;0;0;0;0;0;0;0.000000;0;0;16;0;;;980;0.000000;0.000000;3;3;Die Todeshörigen;Die Elite des Stammes der Zerschlagenen, bekannt als Aschenzungen, hat sich offiziell mit Illidan verbündet. Die Todeshörigen sind Akamas zuverlässigste Leutnants und in die geheimnisvollen Absichten ihres Anführers eingeweiht.;0;0;
1013;-1.#QNAN0;0;0;0;0;0;0;0;0;0;0.000000;0;0;0;0;;;0;1.000.000;1.000.000;5;5;Geister von Schattenmond 1;;0;0;
1014;-1.#QNAN0;0;0;0;0;0;0;0;0;0;0.000000;0;0;0;0;;;0;1.000.000;1.000.000;5;5;Geister von Schattenmond 2;;0;0;
1015;0.000000;52430847;0;0;0;2047;0;0;0;-42000;0.000000;0;0;2;0;;;980;0.000000;0.000000;5;5;Netherschwingen;Diese ungewöhnlichen Drachen entsprangen Todesschwinges schwarzer Drachenbrut und wurden mit rohen Netherenergien erfüllt. Sie suchen nun nach ihrer Identität jenseits des Schattens, den das Erbe ihres zerstörerischen Vaters auf sie warf.;0;0;
1016;-1.#QNAN0;0;0;0;0;0;0;0;0;0;0.000000;0;0;0;0;;;0;1.000.000;1.000.000;5;5;Wyrmkult;;0;0;
1017;-1.#QNAN0;0;0;0;0;0;0;0;0;0;0.000000;0;0;0;0;;;0;1.000.000;1.000.000;5;5;Treant;;0;0;
1018;-1.#QNAN0;0;0;0;0;0;0;0;0;0;0.000000;0;0;0;0;;;0;1.000.000;1.000.000;5;5;Leotherasdämon I;;0;0;
1019;-1.#QNAN0;0;0;0;0;0;0;0;0;0;0.000000;0;0;0;0;;;0;1.000.000;1.000.000;5;5;Leotherasdämon II;;0;0;
1020;-1.#QNAN0;0;0;0;0;0;0;0;0;0;0.000000;0;0;0;0;;;0;1.000.000;1.000.000;5;5;Leotherasdämon III;;0;0;
1021;-1.#QNAN0;0;0;0;0;0;0;0;0;0;0.000000;0;0;0;0;;;0;1.000.000;1.000.000;5;5;Leotherasdämon IV;;0;0;
1022;-1.#QNAN0;0;0;0;0;0;0;0;0;0;0.000000;0;0;0;0;;;0;1.000.000;1.000.000;5;5;Leotherasdämon V;;0;0;
1023;-1.#QNAN0;0;0;0;0;0;0;0;0;0;0.000000;0;0;0;0;;;0;1.000.000;1.000.000;5;5;Azaloth;;0;0;
1024;-1.#QNAN0;0;0;0;0;0;0;0;0;0;0.000000;0;0;0;0;;;0;1.000.000;1.000.000;5;5;Felsklaue;;0;0;
1025;-1.#QNAN0;0;0;0;0;0;0;0;0;0;0.000000;0;0;0;0;;;0;1.000.000;1.000.000;5;5;Klauenjäger;;0;0;
1026;-1.#QNAN0;0;0;0;0;0;0;0;0;0;0.000000;0;0;0;0;;;0;1.000.000;1.000.000;5;5;Schattenmondschemen;;0;0;
1027;-1.#QNAN0;0;0;0;0;0;0;0;0;0;0.000000;0;0;0;0;;;0;1.000.000;1.000.000;5;5;Legionskommunikator;;0;0;
1028;-1.#QNAN0;0;0;0;0;0;0;0;0;0;0.000000;0;0;0;0;;;0;1.000.000;1.000.000;5;5;Uralte des Rabenwalds;;0;0;
1029;-1.#QNAN0;0;0;0;0;0;0;0;0;0;0.000000;0;0;0;0;;;0;1.000.000;1.000.000;5;5;Schach - Freundlich zu allen Schach;;0;0;
1030;-1.#QNAN0;0;0;0;0;0;0;0;0;0;0.000000;0;0;0;0;;;0;1.000.000;1.000.000;5;5;Tore des Schwarzen Tempels - Illidari;;0;0;
1031;0.000000;52430847;0;0;0;2047;0;0;0;0;0.000000;0;0;16;0;;;936;0.000000;0.000000;5;5;Himmelswache der Sha'tari;Eine von Shattrath aufgestellte Luftstreitmacht, die sich der Bedrohungen in den äußeren Regionen der Scherbenwelt annimmt.;0;0;
1032;-1.#QNAN0;0;0;0;0;0;0;0;0;0;0.000000;0;0;0;0;;;0;1.000.000;1.000.000;5;5;Area 52;;0;0;
1033;-1.#QNAN0;0;0;0;0;0;0;0;0;0;0.000000;0;0;0;0;;;0;1.000.000;1.000.000;5;5;Maiev;;0;0;
1034;-1.#QNAN0;0;0;0;0;0;0;0;0;0;0.000000;0;0;0;0;;;0;1.000.000;1.000.000;5;5;Schattenhafter Arakkoa von Skettis;;0;0;
1035;-1.#QNAN0;0;0;0;0;0;0;0;0;0;0.000000;0;0;0;0;;;0;1.000.000;1.000.000;5;5;Arakkoa von Skettis;;0;0;
1036;-1.#QNAN0;0;0;0;0;0;0;0;0;0;0.000000;0;0;0;0;;;0;1.000.000;1.000.000;5;5;Drachenmalgegner;;0;0;
1037;0.000000;18875469;33555122;0;0;0;0;0;0;0;0.000000;0;0;136;6;;;1097;0.000000;0.000000;5;5;Vorposten der Allianz;Die vereinten Streitkräfte der Allianz, angeführt von der Expedition Valianz. Dazu gehören aber auch zivile Gruppen so wie die Forscherliga.;0;0;
1038;0.000000;60819455;0;0;0;0;0;0;0;0;0.000000;0;0;16;0;;;980;0.000000;0.000000;5;5;Ogri'la;Die erleuchteten Bewohner von Ogri'la haben sich im Westen des Schergrats angesiedelt, wo sie sich auf Grund der Nähe zu den Apexiskristallen über ihre unzivilisierte Ogernatur hinaus entwickelt haben.;0;0;
1039;-1.#QNAN0;0;0;0;0;0;0;0;0;0;0.000000;0;0;0;0;;;0;1.000.000;1.000.000;5;5;Felshetzer;;0;0;
1040;-1.#QNAN0;0;0;0;0;0;0;0;0;0;0.000000;0;0;0;0;;;0;1.000.000;1.000.000;5;5;REUSE;;0;0;
1041;-1.#QNAN0;0;0;0;0;0;0;0;0;0;0.000000;0;0;0;0;;;0;1.000.000;1.000.000;5;5;Frenzy;;0;0;
1042;-1.#QNAN0;0;0;0;0;0;0;0;0;0;0.000000;0;0;0;0;;;0;1.000.000;1.000.000;5;5;Feinde der Himmelswache;;0;0;
1043;-1.#QNAN0;0;0;0;0;0;0;0;0;0;0.000000;0;0;0;0;;;0;1.000.000;1.000.000;5;5;Stinktier, violett;;0;0;
1044;-1.#QNAN0;0;0;0;0;0;0;0;0;0;0.000000;0;0;0;0;;;0;1.000.000;1.000.000;5;5;Deserteur von Theramore;;0;0;
1045;-1.#QNAN0;0;0;0;0;0;0;0;0;0;0.000000;0;0;0;0;;;0;1.000.000;1.000.000;5;5;Vrykul;;0;0;
1046;-1.#QNAN0;0;0;0;0;0;0;0;0;0;0.000000;0;0;0;0;;;0;1.000.000;1.000.000;5;5;Piraten des Nordmeeres;;0;0;
1047;-1.#QNAN0;0;0;0;0;0;0;0;0;0;0.000000;0;0;0;0;;;0;1.000.000;1.000.000;5;5;Tuskarr;;0;0;
1048;-1.#QNAN0;0;0;0;0;0;0;0;0;0;0.000000;0;0;0;0;;;0;1.000.000;1.000.000;5;5;UNUSED;;0;0;
1049;-1.#QNAN0;0;0;0;0;0;0;0;0;0;0.000000;0;0;0;0;;;0;1.000.000;1.000.000;5;5;Troll, Amani;;0;0;
1050;0.000000;18875469;33555378;0;0;0;0;0;0;0;-1.#QNAN0;0;0;16;6;;;1037;0.500000;0.500000;7;7;Expedition Valianz;Die Hauptarmeen der Allianz in Nordend, die gemeinsam unter der Führung von König Varian Wrynn gegen die Geißel ins Feld ziehen.;0;0;
1051;-1.#QNAN0;0;0;0;0;0;0;0;0;0;0.000000;0;0;0;0;;;0;1.000.000;1.000.000;5;5;UNUSED;;0;0;
1052;0.000000;33555378;18875469;0;0;0;0;0;0;0;-1.#QNAN0;0;0;152;0;;;1097;0.000000;0.000000;5;5;Expedition der Horde;Die vereinten Streitkräfte der Horde in Nordend, angeführt von der Kriegshymnenoffensive.;0;0;
1053;-1.#QNAN0;0;0;0;0;0;0;0;0;0;0.000000;0;0;0;0;;;0;1.000.000;1.000.000;5;5;Westwacht;;0;0;
1054;-1.#QNAN0;0;0;0;0;0;0;0;0;0;0.000000;0;0;0;0;;;0;1.000.000;1.000.000;5;5;Gefleckter Greif;;0;0;
1055;-1.#QNAN0;0;0;0;0;0;0;0;0;0;0.000000;0;0;0;0;;;0;1.000.000;1.000.000;5;5;Gezähmter Seuchenhund;;0;0;
1056;-1.#QNAN0;0;0;0;0;0;0;0;0;0;0.000000;0;0;0;0;;;0;1.000.000;1.000.000;5;5;Vrykul (Uralter Geist 1);;0;0;
1057;-1.#QNAN0;0;0;0;0;0;0;0;0;0;0.000000;0;0;0;0;;;0;1.000.000;1.000.000;5;5;Vrykul (Uralter Geist 2);;0;0;
1058;-1.#QNAN0;0;0;0;0;0;0;0;0;0;0.000000;0;0;0;0;;;0;1.000.000;1.000.000;5;5;Vrykul (Uralter Geist 3);;0;0;
1059;-1.#QNAN0;0;0;0;0;0;0;0;0;0;0.000000;0;0;0;0;;;0;1.000.000;1.000.000;5;5;CTF - Flagge - Allianz;;0;0;
1060;-1.#QNAN0;0;0;0;0;0;0;0;0;0;0.000000;0;0;0;0;;;0;1.000.000;1.000.000;5;5;Test;;0;0;
1061;-1.#QNAN0;0;0;0;0;0;0;0;0;0;0.000000;0;0;0;0;;;0;1.000.000;1.000.000;5;5;Vrykul;;0;0;
1062;-1.#QNAN0;0;0;0;0;0;0;0;0;0;0.000000;0;0;0;0;;;0;1.000.000;1.000.000;5;5;Gladiator der Vrykul;;0;0;
1063;-1.#QNAN0;0;0;0;0;0;0;0;0;0;0.000000;0;0;0;0;;;0;1.000.000;1.000.000;5;5;Kämpfer von Valgarde;;0;0;
1064;0.000000;33555378;18875469;0;0;0;0;0;0;0;-1.#QNAN0;0;0;16;6;;;1052;0.500000;0.500000;7;7;Die Taunka;Bei diesem zähen Volk handelt es sich um Verwandte der Tauren. Sie sind zu wertvollen Spähern der Armeen der Horde auf ihrem Marsch gen Norden geworden.;0;0;
1065;-1.#QNAN0;0;0;0;0;0;0;0;0;0;0.000000;0;0;0;0;;;0;1.000.000;1.000.000;5;5;Monster, Zone Force Reaction 1;;0;0;
1066;-1.#QNAN0;0;0;0;0;0;0;0;0;0;0.000000;0;0;0;0;;;0;1.000.000;1.000.000;5;5;Monster, Zone Force Reaction 2;;0;0;
1067;0.000000;33555378;18875469;0;0;0;0;0;0;0;-1.#QNAN0;0;0;16;0;;;1052;0.500000;0.500000;7;7;Die Hand der Rache;Eine Gruppe der Verlassenen, die von Sylvanas Windläufer damit beauftragt wurden, im Namen von Unterstadt Vergeltung an Arthas auszuüben, indem sie den neuesten Erreger ihrer tödlichen Seuche einsetzen.;0;0;
1068;0.000000;18875469;33555378;0;0;0;0;0;0;0;-1.#QNAN0;0;0;16;6;;;1037;0.500000;0.500000;7;7;Forscherliga;Diese Organisation strebt danach, durch das Sammeln von Titanenartefakten den Ursprung der Zwerge zu ergründen. Ihre aktuellsten Forschungen haben sie dazu veranlasst, verschiedene archäologische Stätten in Nordend aufzusuchen.;0;0;
1069;-1.#QNAN0;0;0;0;0;0;0;0;0;0;0.000000;0;0;0;0;;;0;1.000.000;1.000.000;5;5;Widderrennen, Powerup;;0;0;
1070;-1.#QNAN0;0;0;0;0;0;0;0;0;0;0.000000;0;0;0;0;;;0;1.000.000;1.000.000;5;5;Widderrennen, Falle;;0;0;
1071;-1.#QNAN0;0;0;0;0;0;0;0;0;0;0.000000;0;0;0;0;;;0;1.000.000;1.000.000;5;5;Craigs Eichhörnchen;Eine Testfraktion;0;0;
1072;-1.#QNAN0;0;0;0;0;0;0;0;0;0;0.000000;0;0;0;0;;;0;1.000.000;1.000.000;5;5;REUSE;;0;0;
1073;0.000000;60819455;0;0;0;0;0;0;0;0;0.000000;0;0;16;0;;;1097;0.000000;0.000000;5;5;Die Kalu'ak;Die Tuskarr sind ein zähes, jedoch friedliches Volk, das seinen Lebensunterhalt mit Fischerei und Walfang bestreitet. Ihre Siedlungen sind kürzlich Opfer heftiger Angriffe geworden und sie heißen alle Verbündeten willkommen, die ihnen zu Hilfe kommen.;0;0;
1074;-1.#QNAN0;0;0;0;0;0;0;0;0;0;0.000000;0;0;0;0;;;0;1.000.000;1.000.000;5;5;Festtag - Wasserfass;;0;0;
1075;-1.#QNAN0;0;0;0;0;0;0;0;0;0;0.000000;0;0;0;0;;;0;1.000.000;1.000.000;5;5;Festtag - Allgemein;;0;0;
1076;-1.#QNAN0;0;0;0;0;0;0;0;0;0;0.000000;0;0;0;0;;;0;1.000.000;1.000.000;5;5;Eisenzwerge;;0;0;
1077;0.000000;60850175;0;0;0;0;0;0;0;0;0.000000;0;0;16;0;;;936;0.000000;0.000000;5;5;Offensive der Zerschmetterten Sonne;Shattraths letzte Offensive gegen Prinz Kael'thas' Unternehmen beim Sonnenbrunnen.;0;0;
1078;-1.#QNAN0;0;0;0;0;0;0;0;0;0;0.000000;0;0;0;0;;;0;1.000.000;1.000.000;5;5;Kampfhaustier;;0;0;
1079;-1.#QNAN0;0;0;0;0;0;0;0;0;0;0.000000;0;0;0;0;;;0;1.000.000;1.000.000;5;5;Murloc, Winterflossen;;0;0;
1080;-1.#QNAN0;0;0;0;0;0;0;0;0;0;0.000000;0;0;0;0;;;0;1.000.000;1.000.000;5;5;Friendly, Force Reaction 1;;0;0;
1081;-1.#QNAN0;0;0;0;0;0;0;0;0;0;0.000000;0;0;0;0;;;0;1.000.000;1.000.000;5;5;Object, Force Reaction;;0;0;
1082;0.000000;1101;690;0;0;0;0;0;0;0;-1.#QNAN0;0;0;4;2;;;0;1.000.000;1.000.000;5;5;REUSE;;0;0;
1083;-1.#QNAN0;0;0;0;0;0;0;0;0;0;0.000000;0;0;0;0;;;0;1.000.000;1.000.000;5;5;REUSE;;0;0;
1084;-1.#QNAN0;0;0;0;0;0;0;0;0;0;0.000000;0;0;0;0;;;0;1.000.000;1.000.000;5;5;Vrykul, Meer;;0;0;
1085;0.000000;18875469;33555378;0;0;0;0;0;0;-42000;0.000000;0;0;6;16;;;1052;0.500000;0.500000;7;7;Kriegshymnenoffensive;Garrosh Höllschrei ist Befehlshaber der primären Expeditionskorps der Horde auf ihrem Weg ins Innere Nordends, wo sie sich Arthas und den Armeen der Geißel stellen wollen.;0;0;
1086;-1.#QNAN0;0;0;0;0;0;0;0;0;0;0.000000;0;0;0;0;;;0;1.000.000;1.000.000;5;5;Wilderer;;0;0;
1087;-1.#QNAN0;0;0;0;0;0;0;0;0;0;0.000000;0;0;0;0;;;0;1.000.000;1.000.000;5;5;Feiertagsmonster;;0;0;
1088;-1.#QNAN0;0;0;0;0;0;0;0;0;0;0.000000;0;0;0;0;;;0;1.000.000;1.000.000;5;5;Furbolg, Rotfänge;;0;0;
1089;-1.#QNAN0;0;0;0;0;0;0;0;0;0;0.000000;0;0;0;0;;;0;1.000.000;1.000.000;5;5;Furbolg, Frostpfoten;;0;0;
1090;0.000000;27264077;33555378;18875469;33555378;1919;1919;128;128;0;0.000000;3000;3000;16;16;;;1097;0.000000;0.000000;5;5;Kirin Tor;Die Magier und Erzmagier, welche über Dalaran herrschen. Angesichts der wachsenden Bedrohung durch den blauen Drachenschwarm und die Geißel haben sie ihre Stadt ins Herz Nordends versetzt.;0;0;
1091;0.000000;52430847;0;0;0;0;0;0;0;0;0.000000;0;0;16;0;;;1097;0.000000;0.000000;5;5;Der Wyrmruhpakt;Angesichts der Aggression des blauen Drachenschwarms gegenüber allen sterblichen Magienutzern, haben sich die übrigen Schwärme unter der Führung des roten Drachenschwarms zum Kampf gegen die unberechenbaren Artgenossen zusammengeschlossen.;0;0;
1092;-1.#QNAN0;0;0;0;0;0;0;0;0;0;0.000000;0;0;0;0;;;0;1.000.000;1.000.000;5;5;Azjol-Nerub;;0;0;
1093;-1.#QNAN0;0;0;0;0;0;0;0;0;0;0.000000;0;0;0;0;;;0;1.000.000;1.000.000;5;5;REUSE;;0;0;
1094;0.000000;18875469;33555378;0;0;0;0;0;0;0;-1.#QNAN0;0;0;16;6;;;1037;0.500000;0.500000;7;7;Der Silberbund;Ein militanter Kern von Hochelfen, die den Eintritt der Blutelfen in die Kirin Tor ablehnen. Sie haben sich unter dem Banner von Vereesa Windläufer versammelt und sich den Streitkräften der Allianz in Nordend angeschlossen.;0;0;
1095;-1.#QNAN0;0;0;0;0;0;0;0;0;0;0.000000;0;0;0;0;;;0;1.000.000;1.000.000;5;5;Trapper der Grizzlyhügel;;0;0;
1096;-1.#QNAN0;0;0;0;0;0;0;0;0;0;0.000000;0;0;0;0;;;0;1.000.000;1.000.000;5;5;REUSE;;0;0;
1097;0.000000;60817919;0;0;0;0;0;0;0;0;0.000000;0;0;12;0;;;0;0.000000;0.000000;5;5;Wrath of the Lich King;;2;0;
1098;0.000000;0;0;0;0;32;2015;0;0;3200;0.000000;0;0;16;16;;;1097;1.000.000;1.000.000;5;5;Ritter der Schwarzen Klinge;Frei von der Knechtschaft durch den Lichkönig, haben sich seine einstigen Todesritter unter dem Banner von Hochlord Darion Mograine gegen ihn gesammelt.;0;0;
1099;-1.#QNAN0;0;0;0;0;0;0;0;0;0;0.000000;0;0;0;0;;;0;1.000.000;1.000.000;5;5;Geißel an der Pforte des Zorns;;0;0;
1100;-1.#QNAN0;0;0;0;0;0;0;0;0;0;0.000000;0;0;0;0;;;0;1.000.000;1.000.000;5;5;Allianz an der Pforte des Zorns;;0;0;
1101;-1.#QNAN0;0;0;0;0;0;0;0;0;0;0.000000;0;0;0;0;;;0;1.000.000;1.000.000;5;5;Horde an der Pforte des Zorns;;0;0;
1102;-1.#QNAN0;0;0;0;0;0;0;0;0;0;0.000000;0;0;0;0;;;0;1.000.000;1.000.000;5;5;CTF - Flagge - Horde;;0;0;
1103;-1.#QNAN0;0;0;0;0;0;0;0;0;0;0.000000;0;0;0;0;;;0;1.000.000;1.000.000;5;5;CTF - Flagge - Neutral;;0;0;
1104;0.000000;60819455;0;0;0;0;0;0;0;0;0.000000;0;0;16;0;;;1117;-2.200.000;1.000.000;7;7;Stamm der Wildherzen;Von der Geißel aus ihrer Heimat vertrieben, stolperten diese Wolvar ins Sholazarbecken, wo sie ihr neues Zuhause errichten wollen. Ihre aggressive Art hat zu Spannungen mit den dortigen Gorlocstämmen geführt, die man auch die Orakel nennt.;0;0;
1105;0.000000;60819455;0;0;0;0;0;0;0;0;0.000000;0;0;16;0;;;1117;-2.200.000;1.000.000;7;7;Die Orakel;Die Gorlocs des Sholazarbeckens sind ein Volk reptilischer Kreaturen, die sich selbst als Wächter der Titanentechnologie dieser Region sehen (auch wenn sie nur wenig davon verstehen). Sie kämpfen einen eskalierenden Territorialkrieg mit den Wolvar.;0;0;
1106;0.000000;60850175;0;0;0;0;0;0;0;0;0.000000;0;0;16;0;;;1097;0.000000;0.000000;5;5;Argentumkreuzzug;Der Argentumkreuzzug ist ein Zusammenschluss der Argentumdämmerung mit dem reformierten Orden der Silbernen Hand unter der Führung Tirion Fordrings. Ziel des Kreuzzugs ist es, den letzten Schlag gegen die Streitkräfte des Lichkönigs zu führen.;0;0;
1107;-1.#QNAN0;0;0;0;0;0;0;0;0;0;0.000000;0;0;0;0;;;0;1.000.000;1.000.000;5;5;Troll, Drakkari;;0;0;
1108;-1.#QNAN0;0;0;0;0;0;0;0;0;0;0.000000;0;0;0;0;;;0;1.000.000;1.000.000;5;5;HdZ Arthas;;0;0;
1109;-1.#QNAN0;0;0;0;0;0;0;0;0;0;0.000000;0;0;0;0;;;0;1.000.000;1.000.000;5;5;HdZ Bürger von Stratholme;;0;0;
1110;-1.#QNAN0;0;0;0;0;0;0;0;0;0;0.000000;0;0;0;0;;;0;1.000.000;1.000.000;5;5;HdZ Geißel;;0;0;
1111;-1.#QNAN0;0;0;0;0;0;0;0;0;0;0.000000;0;0;0;0;;;0;1.000.000;1.000.000;5;5;Freya;;0;0;
1112;-1.#QNAN0;0;0;0;0;0;0;0;0;0;0.000000;0;0;0;0;;;0;1.000.000;1.000.000;5;5;Reittier - Taxi - Allianz;;0;0;
1113;-1.#QNAN0;0;0;0;0;0;0;0;0;0;0.000000;0;0;0;0;;;0;1.000.000;1.000.000;5;5;Reittier - Taxi - Horde;;0;0;
1114;-1.#QNAN0;0;0;0;0;0;0;0;0;0;0.000000;0;0;0;0;;;0;1.000.000;1.000.000;5;5;Reittier - Taxi - Neutral;;0;0;
1115;-1.#QNAN0;0;0;0;0;0;0;0;0;0;0.000000;0;0;0;0;;;0;1.000.000;1.000.000;5;5;Elementar, Wasser;;0;0;
1116;-1.#QNAN0;0;0;0;0;0;0;0;0;0;0.000000;0;0;0;0;;;0;1.000.000;1.000.000;5;5;Elementar, Luft;;0;0;
1117;0.000000;60819455;0;0;0;0;0;0;0;0;0.000000;0;0;12;0;;;1097;0.000000;0.000000;5;5;Sholazarbecken;;0;0;
1118;0.000000;60819455;0;0;0;0;0;0;0;0;0.000000;0;0;12;0;;;0;0.000000;0.000000;5;5;Classic;;0;0;
1119;0.000000;60819455;0;0;0;0;0;0;0;-42000;0.000000;0;0;0;0;;;1097;0.000000;0.000000;5;5;Die Söhne Hodirs;Die Frostriesen der Sturmgipfel sind ein kriegsversessenes Volk, das Dun Niffelem seine Heimat nennt.;0;0;
1120;-1.#QNAN0;0;0;0;0;0;0;0;0;0;0.000000;0;0;0;0;;;0;1.000.000;1.000.000;5;5;Eisenriesen;;0;0;
1121;-1.#QNAN0;0;0;0;0;0;0;0;0;0;0.000000;0;0;0;0;;;0;1.000.000;1.000.000;5;5;Frostvrykul;;0;0;
1122;-1.#QNAN0;0;0;0;0;0;0;0;0;0;0.000000;0;0;0;0;;;0;1.000.000;1.000.000;5;5;Die Irdenen;;0;0;
1123;-1.#QNAN0;0;0;0;0;0;0;0;0;0;0.000000;0;0;0;0;;;0;1.000.000;1.000.000;5;5;Monsterkundiger;;0;0;
1124;0.000000;33555378;18875469;0;0;0;0;0;0;0;-1.#QNAN0;0;0;16;6;;;1052;0.500000;0.500000;7;7;Die Sonnenhäscher;Durch die Anstrengungen des Erzmagiers Aethas Sonnenhäscher wird die Horde nun in Dalaran geduldet, obwohl die Stadt ihr früher verschlossen blieb. Seine Anhänger wachen über das Stadtviertel, das als Sonnenhäschers Zuflucht bekannt ist.;0;0;
1125;-1.#QNAN0;0;0;0;0;0;0;0;0;0;0.000000;0;0;0;0;;;0;1.000.000;1.000.000;5;5;Hildarthing;;0;0;
1126;0.000000;18875469;33555378;0;0;0;0;0;0;0;-1.#QNAN0;0;0;16;0;;;1037;0.500000;0.500000;7;7;Die Frosterben;Dieses geheimnisvolle Eiszwergenvolk hat die Sturmgipfel zu seinem Heim ernannt. Vor Kurzem haben sich diese Zwerge mit der Forscherliga angefreundet und heißen Mitglieder der Allianz in ihren Siedlungen willkommen.;0;0;
1127;-1.#QNAN0;0;0;0;0;0;0;0;0;0;0.000000;0;0;0;0;;;0;1.000.000;1.000.000;5;5;Orgrimmar (Alex Test);;0;0;
1128;-1.#QNAN0;0;0;0;0;0;0;0;0;0;0.000000;0;0;0;0;;;0;1.000.000;1.000.000;5;5;Schattenhammer;;0;0;
1129;-1.#QNAN0;0;0;0;0;0;0;0;0;0;0.000000;0;0;0;0;;;0;1.000.000;1.000.000;5;5;Furbolg, Dunkelküste;;0;0;
1130;-1.#QNAN0;0;0;0;0;0;0;0;0;0;0.000000;0;0;0;0;;;0;1.000.000;1.000.000;5;5;Hirsch, Dunkelküste;;0;0;
1131;-1.#QNAN0;0;0;0;0;0;0;0;0;0;0.000000;0;0;0;0;;;0;1.000.000;1.000.000;5;5;Bär, Dunkelküste;;0;0;
1132;-1.#QNAN0;0;0;0;0;0;0;0;0;0;0.000000;0;0;0;0;;;0;1.000.000;1.000.000;5;5;Mondpirscher, Dunkelküste;;0;0;
1133;0.000000;33555378;18875469;0;0;0;0;0;0;3100;-1.#QNAN0;0;0;273;6;;;67;1.000.000;0.250000;4;7;Bilgewasserkartell;Das Bilgewasserkartell, die einflussreichste Handelsgesellschaft der Insel Kezan, wird vom Handelsprinzen Gallywix geleitet. Von der Hauptniederlassung am Bilgepier aus dominiert das Kartell den Handel auf den Südlichen Meeren.;0;0;
1134;0.000000;18875469;33555378;2097152;0;0;0;0;0;0;-1.#QNAN0;3000;0;273;6;SPIELER, Orc;;469;1.000.000;0.250000;4;7;Gilneas;Die Bewohner von Gilneas sind ein zähes Volk. Nachdem sich die Nation nach außen abgeschottet hatte, muss sie nun gegen die Gefahr von innen kämpfen.;0;0;
1135;0.000000;62914559;0;0;0;0;0;0;0;0;0.000000;0;0;16;0;;;1162;0.000000;0.000000;5;5;Der Irdene Ring;Dieser Bund der mächtigsten Schamanen Azeroths versucht, das Gleichgewicht der Elementarkräfte zu erhalten. Ihr Hauptaugenmerk nach dem Kataklysmus liegt darauf, den durch Todesschwinges Ankunft entstandenen Schaden zu reparieren und zu stabilisieren.;0;0;
1136;0.000000;62914559;0;0;0;0;0;0;0;0;0.000000;0;0;4;0;;;0;0.000000;0.000000;0;0;Tristessakonversion;;0;0;
1137;0.000000;60882943;0;0;0;1535;0;0;0;0;0.000000;0;0;4;0;;;0;0.000000;0.000000;0;0;Wintersäblerkonversion;;0;0;
1138;0.000000;0;0;0;0;0;0;0;0;0;0.000000;0;0;4;0;;;0;0.000000;0.000000;0;0;Kataklysmus - neuer neutraler Ruf;;0;0;
1142;-1.#QNAN0;0;0;0;0;0;0;0;0;0;0.000000;0;0;0;0;;;0;0.000000;0.000000;0;0;Überlebende der Magram;;0;0;
1143;-1.#QNAN0;0;0;0;0;0;0;0;0;0;0.000000;0;0;0;0;;;0;0.000000;0.000000;0;0;Söhne von Gelkis;;0;0;
1144;-1.#QNAN0;0;0;0;0;0;0;0;0;0;0.000000;0;0;0;0;;;0;0.000000;0.000000;0;0;REUSE;;0;0;
1145;-1.#QNAN0;0;0;0;0;0;0;0;0;0;0.000000;0;0;0;0;;;0;0.000000;0.000000;0;0;Hasst alles;;0;0;
1152;-1.#QNAN0;0;0;0;0;0;0;0;0;0;0.000000;0;0;0;0;;;0;1.000.000;1.000.000;5;5;SPIELER, Goblin;;0;0;
1153;-1.#QNAN0;0;0;0;0;0;0;0;0;0;0.000000;0;0;0;0;;;0;1.000.000;1.000.000;5;5;SPIELER, Worgen;;0;0;
1154;0.000000;62914559;0;0;0;0;0;0;0;0;0.000000;0;0;4;0;;;0;0.000000;0.000000;0;0;Umwandlung zum Silberbund;;0;0;
1155;0.000000;62914559;0;0;0;0;0;0;0;0;0.000000;0;0;4;0;;;0;0.000000;0.000000;0;0;Umwandlung zu den Sonnenhäschern;;0;0;
1156;0.000000;62914559;0;0;0;0;0;0;0;0;0.000000;0;0;16;0;;;1097;0.000000;0.000000;0;0;Das Äscherne Verdikt;Durch einen Pakt von Tirion Fordring und Darion Mograine haben der Argentumkreuzzug und die Ritter der Schwarzen Klinge während des Angriffs auf die Eiskronenzitadelle ihre Meinungsverschiedenheit solange zurückgestellt, bis der Lichkönig vernichtet ist.;0;0;
1157;-1.#QNAN0;0;0;0;0;0;0;0;0;0;0.000000;0;0;0;0;;;0;0.000000;0.000000;0;0;Die Pygmäen;;0;0;
1158;0.000000;60819455;0;0;0;0;0;0;0;0;0.000000;0;0;16;0;;;1162;0.000000;0.000000;0;0;Wächter des Hyjal;Angesichts der bevorstehenden Zerstörung des Hyjal haben die mächtigsten Mitglieder des Zirkels des Cenarius ihre Kräfte mit dem smaragdgrünen Drachenschwarm vereint, um Ragnaros' Elementare und den Schattenhammerkult abzuwehren.;0;0;
1159;-1.#QNAN0;0;0;0;0;0;0;0;0;0;0.000000;0;0;0;0;;;0;1.000.000;1.000.000;5;5;CTF - Flagge - Allianz 2;;0;0;
1160;-1.#QNAN0;0;0;0;0;0;0;0;0;0;0.000000;0;0;0;0;;;0;1.000.000;1.000.000;5;5;CTF - Flagge - Horde 2;;0;0;
1161;-1.#QNAN0;0;0;0;0;0;0;0;0;0;0.000000;0;0;0;0;;;0;0.000000;0.000000;0;0;Grimmtotem;;0;0;
1162;0.000000;62914559;0;0;0;0;0;0;0;0;0.000000;0;0;8;0;;;0;0.000000;0.000000;0;0;Cataclysm;;3;0;
1163;0.000000;1;0;0;0;0;0;0;0;0;0.000000;0;0;0;0;;;0;0.000000;0.000000;0;0;Neue Testfraktion für Alex;;0;0;
1168;0.000000;54525951;0;0;0;0;0;0;0;0;0.000000;0;0;528;0;;;1169;0.000000;0.000000;0;0;Gilde;Der Gildenruf ist Euer persönlicher Ruf bei Eurer Gilde und wird benötigt, um Gildenbelohnungen zu erwerben. Gildenruf wird automatisch zusammen mit Gildenerfahrung erlangt.;0;0;
1169;0.000000;54525951;0;0;0;0;0;0;0;0;0.000000;0;0;28;0;;;0;0.000000;0.000000;0;0;Gilde;;0;0;
1171;0.000000;54525951;0;0;0;0;0;0;0;-42000;0.000000;0;0;64;0;;;1162;0.000000;0.000000;0;0;Therazane;Die elementare Ebene der Erde, Tiefenheim, wird von Therazane und ihren Kindern, den Steinlords, beherrscht. Seitdem sie Zeugin der Zerstörung wurde, die Todesschwinge und seine Anhänger angerichtet haben, empfängt sie alle Fremden mit offener Feindschaft.;0;0;
1172;0.000000;33555378;18875469;0;0;0;0;0;0;0;-1.#QNAN0;0;0;16;0;;;1162;0.000000;0.000000;0;0;Drachenmalklan;Dieser eigensinnige Orcklan wurde einst von Todesschwinge ermächtigt, um die roten Drachen einschließlich Alexstrasza zu versklaven. Derzeit ist der Drachenmalklan schwächer, weniger zahlreich und hat sich im Schattenhochland niedergelassen.;0;0;
1173;0.000000;52430847;0;0;0;0;0;0;0;0;0.000000;0;0;16;0;;;1162;0.000000;0.000000;0;0;Ramkahen;Das Katzenvolk von Ramkahen sind Nachkommen der Tol'vir, der Wächter von Uldum. Obwohl sie ihre steinernen Körper verloren haben, ist der Schutz der Geheimnisse der Titanen noch immer Teil ihrer strengen Traditionen.;0;0;
1174;0.000000;18875469;33555378;0;0;0;0;0;0;0;-1.#QNAN0;0;0;16;4;;;1162;0.000000;0.000000;0;0;Wildhammerklan;Die Wildhammerzwerge sind für ihren verwegenen Mut und ihre unübertroffenen Greifenreitkünste bekannt. Nachdem sie ihre Heimat durch einen Dunkeleisenfluch verloren haben, haben sie ihre Behausungen rund um das Schattenhochland angelegt.;0;0;
1177;0.000000;18875469;33555378;0;0;0;0;0;0;0;-1.#QNAN0;0;0;0;6;;;1162;0.000000;0.000000;0;0;Wächter von Baradin;Diese einst von Herzog Reginald Baradin II. geführte unerschütterliche Armee war seit Urzeiten Teil der Inselfestung von Tol Barad. Sie hat sich mit der Allianz verbündet, um die Horde zurückzudrängen und die Kontrolle über die Insel zurückzuerlangen.;0;0;
1178;0.000000;18875469;33555378;0;0;0;0;0;0;-42000;0.000000;0;0;6;16;;;1162;0.000000;0.000000;0;0;Höllschreis Hand;Höllschreis Hand ist ein Elite-Horderegiment, das ausschließlich mit Veteranen verschiedener Feldzüge bestückt ist. Sie sind von Garrosh persönlich berufen und damit beauftragt worden, die Kontrolle über Tol Barad zu übernehmen. Scheitern ist keine Option.;0;0;
1179;-1.#QNAN0;0;0;0;0;0;0;0;0;0;0.000000;0;0;0;0;;;0;1.000.000;1.000.000;5;5;Schleim;;0;0;
1181;-1.#QNAN0;0;0;0;0;0;0;0;0;0;0.000000;0;0;0;0;;;0;1.000.000;1.000.000;0;0;Befreundet, neu;;0;0;
1189;-1.#QNAN0;0;0;0;0;0;0;0;0;0;0.000000;0;0;0;0;;;0;1.000.000;1.000.000;5;5;K3;;0;0;
1204;0.000000;60819455;0;0;0;0;0;0;0;0;0.000000;0;0;16;0;;;1162;0.000000;0.000000;0;0;Rächer des Hyjal;Zorneserfüllt von der Zerstörung, die der Flammenfürst verursacht hat, ergreift der Zirkel des Cenarius die Initiative und schickt sich an, in die Feuerlande vorzudringen und Ragnaros direkt anzugreifen.;0;0;
1216;0.000000;58720256;0;0;0;0;0;0;0;3000;0.000000;0;0;81;0;;;1245;0.000000;0.000000;0;0;Akademie des Shang Xi;Seit fast drei Generationen bereitet der hoch angesehene Shang Xi pandarische Helden auf ein Leben voller Abenteuer vor.;0;0;
1228;0.000000;33555378;23069773;0;0;0;0;0;0;-42000;-1.#QNAN0;0;0;2;2;;;1245;0.000000;0.000000;5;5;Wald-Ho-zen;Ein heißblütiges, gewalttätiges und kurzlebiges Volk von Affenmenschen.;0;0;
1233;-1.#QNAN0;0;0;0;0;0;0;0;0;0;0.000000;0;0;0;0;;;0;1.000.000;1.000.000;0;0;CoT Well of Eternity - Illidan;;0;0;
1234;-1.#QNAN0;0;0;0;0;0;0;0;0;0;0.000000;0;0;0;0;;;0;1.000.000;1.000.000;0;0;CoT Well of Eternity - High Elves;;0;0;
1235;-1.#QNAN0;0;0;0;0;0;0;0;0;0;0.000000;0;0;0;0;;;0;1.000.000;1.000.000;0;0;CoT Well of Eternity - Illidan (Stealth);;0;0;
1237;-1.#QNAN0;0;0;0;0;0;0;0;0;0;0.000000;0;0;0;0;;;0;1.000.000;1.000.000;0;0;CoT Well of Eternity - Demons;;0;0;
1240;-1.#QNAN0;0;0;0;0;0;0;0;0;0;0.000000;0;0;0;0;;;0;0.000000;0.000000;0;0;CoT Well of Eternity - Demon Balls;;0;0;
1241;-1.#QNAN0;0;0;0;0;0;0;0;0;0;0.000000;0;0;0;0;;;0;1.000.000;1.000.000;0;0;CoT Well of Eternity - Hunter Stalkers;;0;0;
1242;0.000000;23069773;33555378;0;0;2047;0;0;0;0;-1.#QNAN0;0;0;16;2;;;1245;0.000000;0.000000;0;0;Jinyu der Perlflossen;Ein reserviertes, akribisches Fischvolk.;0;0;
1243;-1.#QNAN0;33555378;0;0;0;2047;0;0;0;-42000;0.000000;0;0;2;0;;;1245;0.000000;0.000000;0;0;Ho-zen;Ein edler und temperamentvolles Stamm des Affenvolks.;0;0;
1245;0.000000;67108863;0;0;0;0;0;0;0;0;0.000000;0;0;8;0;;;0;0.000000;0.000000;0;0;Mists of Pandaria;;4;0;
1249;-1.#QNAN0;0;0;0;0;0;0;0;0;0;0.000000;0;0;0;0;;;0;1.000.000;1.000.000;5;5;PLAYER, Expansion 4 Neutral;;0;0;
1252;-1.#QNAN0;0;0;0;0;0;0;0;0;0;0.000000;0;0;0;0;;;0;0.000000;0.000000;0;0;Sha;Die bösen Geister des Landes.;0;0;
1253;-1.#QNAN0;0;0;0;0;0;0;0;0;0;0.000000;0;0;0;0;;;0;0.000000;0.000000;0;0;Wächter des Osttempels;;0;0;
1265;-1.#QNAN0;0;0;0;0;0;0;0;0;0;0.000000;0;0;0;0;;;1118;1.000.000;1.000.000;5;5;Shen'dralar;Ein Rest der einst mächtigen Elfen, die im Düsterbruch leben. Sie sind noch immer weise und wissen um viele Geheimnisse.;0;0;
1268;-1.#QNAN0;0;0;0;0;0;0;0;0;0;0.000000;0;0;0;0;;;1245;1.000.000;1.000.000;0;0;Mogu;Als die ersten Bewohner dieses Landes hassen die Mogu alle Emporkömmlinge, einschließlich der anmaßenden Pandaren.;0;0;
1269;0.000000;65013759;0;0;0;0;0;0;0;0;0.000000;0;0;16;0;;;1245;0.000000;0.000000;0;0;Goldener Lotus;Diese geheimnisvolle Pandarengesellschaft wurde gegründet, um die Bedrohung durch die Mogu endgültig aus der Welt zu schaffen.;0;1;
1270;0.000000;56625151;0;0;0;0;0;0;0;0;0.000000;0;0;16;0;;;1245;0.000000;0.000000;0;0;Shado-Pan;Die geheimnisvollen Beschützer der Tempel Pandarias, die Shado-Pan, umranken viele Mysterien.;0;1;
1271;0.000000;65013759;0;0;0;2047;0;0;0;3000;0.000000;0;0;16;0;;;1245;0.000000;0.000000;0;0;Orden der Wolkenschlange;Wächter des Osttempels.;0;1;
1272;0.000000;56625151;0;0;0;2047;0;0;0;0;0.000000;0;0;152;0;;;1245;0.000000;0.000000;0;0;Die Ackerbauern;Die Ackerbauern sind friedfertige und produktive Pandaren, die das Land bestellen, um die hungrigen Mägen ihres Volkes zu füllen.;0;1;
1273;0.000000;65013759;0;0;0;0;0;0;0;0;0.000000;0;0;16;0;;;1272;0.000000;0.000000;0;0;Jogu der Betrunkene;Jogu ist leicht zu finden - er vergnügt sich mit dem billigsten, das die Brauerei Sturmbräu zu bieten hat.;0;0;
1275;0.000000;65013759;0;0;0;0;0;0;0;0;0.000000;0;0;16;0;;;1272;0.000000;0.000000;0;0;Ella;Elle möchte eine große Braumeisterin werden, doch sie hat noch einen langen Weg vor sich.;0;0;
1276;0.000000;65013759;0;0;0;0;0;0;0;0;0.000000;0;0;16;0;;;1272;0.000000;0.000000;0;0;Der alte Hügelpranke;Der alte Hügelpranke ist der pfiffigste Hühnerzüchter weit und breit.;0;0;
1277;0.000000;65013759;0;0;0;0;0;0;0;0;0.000000;0;0;16;0;;;1272;0.000000;0.000000;0;0;Chi-Chi;Falls Ihr schon immer mal etwas über Schafe fragen wolltet, dann hat Chi-Chi die Antwort für Euch.;0;0;
1278;0.000000;65013759;0;0;0;0;0;0;0;0;0.000000;0;0;16;0;;;1272;0.000000;0.000000;0;0;Sho;Als kräftige und stolze Verteidigerin des Farmlands ist Sho immer da, wenn man eine starke Hand braucht.;0;0;
1279;0.000000;65013759;0;0;0;0;0;0;0;0;0.000000;0;0;16;0;;;1272;0.000000;0.000000;0;0;Haohan Lehmkrall;Als geschätzter Anführer der Ackerbauern ertrinkt Haohan Lehmkrall in Pflichten.;0;0;
1280;0.000000;65013759;0;0;0;0;0;0;0;0;0.000000;0;0;16;0;;;1272;0.000000;0.000000;0;0;Tina Lehmkrall;Tina Lehmkrall weiß die schönen Dinge des Lebens zu würdigen.;0;0;
1281;0.000000;65013759;0;0;0;0;0;0;0;0;0.000000;0;0;16;0;;;1272;0.000000;0.000000;0;0;Gina Lehmkrall;Die Verwaltung des Halbhügelmarkts bereitet Gina Lehmkrall viel Stress.;0;0;
1282;0.000000;65013759;0;0;0;0;0;0;0;0;0.000000;0;0;16;0;;;1272;0.000000;0.000000;0;0;Fischi Rohrroder;Fischi Rohrroder hat mehr über die Geschichte dieses Landes herausgefunden als der Rest des Ortes zusammengenommen vergessen hat.;0;0;
1283;0.000000;65013759;0;0;0;0;0;0;0;0;0.000000;0;0;16;0;;;1272;0.000000;0.000000;0;0;Bauer Fung;Bauer Fung baut das größte Gemüse im Kernland an!;0;0;
1286;-1.#QNAN0;0;0;0;0;0;0;0;0;0;0.000000;0;0;0;0;;;0;0.000000;0.000000;0;0;Wächter des Roten Kranichs;;0;0;
1302;0.000000;56625151;0;0;0;0;0;0;0;0;0.000000;0;0;152;0;;;1245;0.000000;0.000000;0;0;Die Angler;Die Angler sind eine Gruppe von Pandaren-Fischern, die ihr Volk ernähren und ihr Können im Fischfang verfeinern wollen.;0;1;
1336;-1.#QNAN0;0;0;0;0;0;0;0;0;0;0.000000;0;0;0;0;;;1245;1.000.000;1.000.000;0;0;Der Mantis-Schwarm;Die gefräßigen Schwärme der Mantis durchstreifen die Tonlongsteppe und die Schreckensöde und vernichten alles, was ihnen im Weg steht.;0;0;
1337;0.000000;65013759;0;0;0;0;0;0;0;0;0.000000;0;0;16;0;;;1245;0.000000;0.000000;0;0;Die Klaxxi;Diese Ältesten der Mantis sind von dem Wahnsinn verschont geblieben, der den Rest des Mantis-Schwarms befallen hat. Sie haben sich mit den Völkern Pandarias zusammengeschlossen, um ihr Volk zurück auf den rechten Pfad zu führen.;0;1;
1338;-1.#QNAN0;0;0;0;0;0;0;0;0;0;0.000000;0;0;0;0;;;0;0.000000;0.000000;0;0;Gurthan-Mogu;;0;0;
1339;-1.#QNAN0;0;0;0;0;0;0;0;0;0;0.000000;0;0;0;0;;;0;0.000000;0.000000;0;0;Harthak-Mogu;;0;0;
1340;-1.#QNAN0;0;0;0;0;0;0;0;0;0;0.000000;0;0;0;0;;;0;0.000000;0.000000;0;0;Korgesh-Mogu;;0;0;
1341;0.000000;65013759;0;0;0;0;0;0;0;0;0.000000;0;0;16;0;;;1245;0.000000;0.000000;0;0;Die Himmlischen Erhabenen;Diese tapferen Pandaren verteidigen die Tempel von Pandaria vor dem Bösen des Sha.;0;1;
1345;0.000000;65013759;0;0;0;0;0;0;0;0;0.000000;0;0;16;0;;;1245;0.000000;0.000000;0;0;Die Lehrensucher;Als Bewahrer der Mysterien Pandarias durchstreifen diese tapferen Seelen den Kontinent und hoffen, aus und über ihre Geschichte zu lernen.;0;1;
1351;0.000000;65013759;0;0;0;0;0;0;0;0;0.000000;0;0;0;0;;;1245;0.000000;0.000000;0;0;Die Braumeister;Diese nobeln Pandaren wachen über die vererbten Geheimnisse des Biers und trotzen den großen Mühen der Kreation ihres mächtigen Gebräus.;0;1;
1352;0.000000;33555378;18875469;0;0;0;0;0;0;3100;-1.#QNAN0;0;0;273;6;;;67;1.000.000;0.250000;4;7;Die Huojin;Unter der Führung des unerschrockenen Ji Feuerpfote handeln und kämpfen die Pandaren der Houjin immer schnell für das, an das sie glauben.;0;0;
1353;0.000000;18875469;33555378;2097152;0;0;0;0;0;3100;-1.#QNAN0;3000;0;273;6;SPIELER, Orc;;469;1.000.000;0.250000;4;7;Die Tushui;Unter der Führung der standhaften Aysa Wolkensinger glauben die Pandaren der Tushui an Besinnlichkeit und durchdachtes Handeln.;0;0;
1357;0.000000;65013759;0;0;0;0;0;0;0;0;0.000000;0;0;4;0;;;0;0.000000;0.000000;0;0;Nomi;Kochen 5.0 - Dies ist eine versteckte Fraktion für den Stufenaufstieg Nomis.;0;0;
1358;0.000000;65013759;0;0;0;0;0;0;0;0;0.000000;0;0;16;0;;;1302;0.000000;0.000000;0;0;Nat Pagle;Unter der rauen Schale dieses unübertroffenen Anglers und Liebhabers feinen Alkohols des ganzen Landes steckt die Liebe dazu, anderen etwas beizubringen.;0;0;
1359;0.000000;56625151;0;0;0;2047;0;0;0;2800;0.000000;0;0;16;0;;;1245;0.000000;0.000000;0;0;Der Schwarze Prinz;Furorion, der Schwarze Prinz, ist der letzte der schwarzen Drachen. Er ist dafür bekannt, diejenigen reich zu belohnen, die sein Vertrauen erlangen und seine Ziele unterstützen.;0;0;
1364;-1.#QNAN0;0;0;0;0;0;0;0;0;0;0.000000;0;0;0;0;;;0;1.000.000;1.000.000;5;5;Friendly, Force Reaction 2;;0;0;
1366;-1.#QNAN0;0;0;0;0;0;0;0;0;0;0.000000;0;0;0;0;;;0;1.000.000;1.000.000;5;5;Friendly, Force Reaction 3;;0;0;
1367;-1.#QNAN0;0;0;0;0;0;0;0;0;0;0.000000;0;0;0;0;;;0;1.000.000;1.000.000;5;5;Friendly, Force Reaction 4;;0;0;
1368;-1.#QNAN0;0;0;0;0;0;0;0;0;0;0.000000;0;0;0;0;;;0;1.000.000;1.000.000;5;5;Friendly, Force Reaction 5;;0;0;
1369;-1.#QNAN0;0;0;0;0;0;0;0;0;0;0.000000;0;0;0;0;;;0;1.000.000;1.000.000;5;5;Friendly, Force Reaction 6;;0;0;
1370;-1.#QNAN0;0;0;0;0;0;0;0;0;0;0.000000;0;0;0;0;;;0;1.000.000;1.000.000;5;5;Friendly, Force Reaction 7;;0;0;
1371;-1.#QNAN0;0;0;0;0;0;0;0;0;0;0.000000;0;0;0;0;;;0;0.000000;0.000000;0;0;Pel'zin;;0;0;
1372;-1.#QNAN0;0;0;0;0;0;0;0;0;0;0.000000;0;0;0;0;;;0;0.000000;0.000000;0;0;Honigtau;;0;0;
1374;0.000000;33555378;0;0;0;0;0;0;0;0;0.000000;0;0;16;0;;;892;0.000000;0.000000;0;0;Shlae'gararena;Der Kriegshäuptling hat Kreaturen aus ganz Azeroth und der Scherbenwelt einfangen lassen, um sie in blutigen Arenakämpfen gegen Helden der Horde antreten zu lassen.;0;0;
1375;0.000000;33555378;18875469;0;0;0;0;0;0;0;-1.#QNAN0;0;0;144;2;;;1245;0.000000;0.000000;0;0;Herrschaftsoffensive;Streitkräfte der Horde in Pandaria, stationiert in der Herrschaftsfeste in der Krasarangwildnis.;0;1;
1376;0.000000;18875469;33555378;0;0;0;0;0;0;0;-1.#QNAN0;0;0;144;2;;;1245;0.000000;0.000000;0;0;Operation Schildwall;Streitkräfte der Allianz in Pandaria, stationiert in der Löwenlandung in der Krasarangwildnis.;0;1;
1387;0.000000;18875469;33555378;0;0;0;0;0;0;3000;-1.#QNAN0;0;0;144;2;;;1245;0.000000;0.000000;0;0;Offensive der Kirin Tor;Die durch Jainas Zorn angetriebene Offensive der Kirin Tor versucht die Insel des Donners für die Allianz zu gewinnen!;0;1;
1388;0.000000;33555378;18875469;0;0;0;0;0;0;3000;-1.#QNAN0;0;0;144;2;;;1245;0.000000;0.000000;0;0;Sonnenhäscheransturm;Der aus Dalaran vertriebene Sonnenhäscheransturm kämpft, um mächtige Moguartefakte aus den Ruinen der Insel des Donners zu bergen, und für eine sichere Zukunft, sollte die Horde im Chaos versinken.;0;1;
1416;0.000000;2047;0;0;0;2047;0;0;0;500;0.000000;0;0;0;0;;;1245;1.000.000;1.000.000;0;0;Akamas Vertrauen;Akama misstraut Hexenmeistern, da er miterleben musste, wie Illidan seiner eigenen Verderbnis anheim fiel und wie der Schwarze Tempel nach dem Kataklysmus von Hexenmeistern überfallen wurde.;4;0;
1419;0.000000;18875469;0;0;0;0;0;0;0;0;0.000000;0;0;16;0;;;891;0.000000;0.000000;0;0;Bizmos Boxbar;Eine Gruppe kampfeshungriger Draufgänger hat Kreaturen aus ganz Azeroth und der Scherbenwelt eingefangen, um sie in blutigen Arenakämpfen gegen die Helden der Allianz antreten zu lassen.;0;0;
1433;0.000000;67108863;0;0;0;2047;0;0;0;100;0.000000;0;0;20;0;;;0;0.000000;0.000000;0;0;Monster, Neutralität erzwungen für Zwangsreaktion;;0;0;
1435;0.000000;65013759;0;0;0;2047;0;0;0;0;0.000000;0;0;16;0;;;1245;0.000000;0.000000;0;0;Shado-Pan-Vorstoß;Diese tapferen Shado-Pan wagen sich in den Thron des Donners in der Hoffnung, das darin schlummernde Böse einzudämmen und Gerechtigkeit zu üben für die Jahrhunderte der Sklaverei, die sie unter der Herrschaft des Donnerkönigs erleiden mussten.;0;0;
1440;0.000000;65013759;0;0;0;0;0;0;0;0;0.000000;0;0;16;0;;;1245;0.000000;0.000000;0;0;Rebellion der Dunkelspeere;Vol'jin hat zu offener Rebellion gegen Garrosh Höllschrei aufgerufen. Mit der Hilfe von sowohl Horde- als auch Allianzstreitkräften sammelt er Ressourcen, um Orgrimmar anzugreifen.;0;0;
1443;-1.#QNAN0;0;0;0;0;0;0;0;0;0;0.000000;0;0;0;0;;;0;0.000000;0.000000;0;0;Kor'kron;;0;0;
1447;-1.#QNAN0;0;0;0;0;0;0;0;0;0;0.000000;0;0;0;0;;;0;0.000000;0.000000;0;0;Dunkelspeertrolle;;0;0;
